Unnamed: 0,Date,Closing Price (USD),24h Open (USD),24h High (USD),24h Low (USD)
0,2014-03-14,124,125,125,123
1,2014-03-15,126,124,126,124
2,2014-03-16,109,126,126,84
3,2014-03-17,119,109,119,108
4,2014-03-18,122,119,122,119
5,2014-03-19,121,122,122,121
6,2014-03-20,122,121,122,121
7,2014-03-21,124,122,124,122
8,2014-03-22,125,124,125,123
9,2014-03-23,126,125,129,124
10,2014-03-24,126,126,127,125
11,2014-03-25,126,126,127,124
12,2014-03-26,127,126,127,126
13,2014-03-27,136,127,136,127
14,2014-03-28,134,136,136,131
15,2014-03-29,143,134,144,133
16,2014-03-30,138,143,146,137
17,2014-03-31,143,138,145,138
18,2014-04-01,153,143,153,143
19,2014-04-02,161,153,168,153
20,2014-04-03,165,161,165,160
21,2014-04-04,178,165,178,164
22,2014-04-05,189,178,189,178
23,2014-04-06,201,189,203,186
24,2014-04-07,181,201,202,159
25,2014-04-08,176,181,185,163
26,2014-04-09,178,176,181,175
27,2014-04-10,188,178,189,175
28,2014-04-11,193,188,193,186
29,2014-04-12,198,193,199,192
30,2014-04-13,197,198,199,193
31,2014-04-14,199,197,199,196
32,2014-04-15,199,199,200,196
33,2014-04-16,201,199,202,199
34,2014-04-17,211,201,212,201
35,2014-04-18,226,211,228,210
36,2014-04-19,249,226,249,222
37,2014-04-20,263,249,263,243
38,2014-04-21,295,263,295,261
39,2014-04-22,332,295,344,294
40,2014-04-23,286,332,356,278
41,2014-04-24,305,286,324,261
42,2014-04-25,339,305,340,304
43,2014-04-26,358,339,359,337
44,2014-04-27,403,358,410,351
45,2014-04-28,410,403,416,384
46,2014-04-29,421,410,428,387
47,2014-04-30,438,421,438,416
48,2014-05-01,511,438,513,437
49,2014-05-02,694,511,782,492
50,2014-05-03,532,694,717,395
51,2014-05-04,575,532,581,429
52,2014-05-05,682,575,706,571
53,2014-05-06,775,682,776,652
54,2014-05-07,747,775,824,692
55,2014-05-08,769,747,788,708
56,2014-05-09,790,769,794,740
57,2014-05-10,894,790,905,788
58,2014-05-11,935,894,966,871
59,2014-05-12,1069,935,1085,913
60,2014-05-13,1155,1069,1158,1029
61,2014-05-14,1100,1155,1157,1100
62,2014-05-15,1020,1100,1100,784
63,2014-05-16,1029,1020,1050,930
64,2014-05-17,1072,1029,1093,1022
65,2014-05-18,1140,1072,1152,1067
66,2014-05-19,1005,1140,1145,871
67,2014-05-20,760,1005,1039,657
68,2014-05-21,690,760,827,559
69,2014-05-22,842,690,846,683
70,2014-05-23,917,842,949,810
71,2014-05-24,968,917,1005,901
72,2014-05-25,867,968,976,833
73,2014-05-26,912,867,920,844
74,2014-05-27,890,912,934,860
75,2014-05-28,849,890,898,849
76,2014-05-29,869,849,887,820
77,2014-05-30,654,869,877,637
78,2014-05-31,655,654,758,648
79,2014-06-01,554,655,655,423
80,2014-06-02,694,554,711,546
81,2014-06-03,650,694,734,599
82,2014-06-04,596,650,652,581
83,2014-06-05,648,596,672,595
84,2014-06-06,672,648,686,633
85,2014-06-07,660,672,676,646
86,2014-06-08,703,660,721,652
87,2014-06-09,759,703,781,699
88,2014-06-10,735,759,773,724
89,2014-06-11,718,735,754,706
90,2014-06-12,753,718,760,714
91,2014-06-13,745,753,764,744
92,2014-06-14,769,745,773,734
93,2014-06-15,770,769,775,751
94,2014-06-16,805,770,827,769
95,2014-06-17,814,805,840,799
96,2014-06-18,872,814,874,809
97,2014-06-19,971,872,973,862
98,2014-06-20,963,971,1024,915
99,2014-06-21,856,963,971,789
100,2014-06-22,861,856,887,823
101,2014-06-23,848,861,881,815
102,2014-06-24,893,848,903,838
103,2014-06-25,917,893,941,877
104,2014-06-26,874,917,921,858
105,2014-06-27,864,874,874,822
106,2014-06-28,854,864,872,840
107,2014-06-29,875,854,889,854
108,2014-06-30,843,875,880,842
109,2014-07-01,835,843,855,811
110,2014-07-02,839,835,851,835
111,2014-07-03,882,839,886,835
112,2014-07-04,874,882,883,858
113,2014-07-05,875,874,877,862
114,2014-07-06,865,875,875,855
115,2014-07-07,839,865,867,835
116,2014-07-08,835,839,839,811
117,2014-07-09,859,835,877,834
118,2014-07-10,888,859,900,852
119,2014-07-11,831,888,888,801
120,2014-07-12,833,831,861,799
121,2014-07-13,833,833,847,833
122,2014-07-14,842,833,856,817
123,2014-07-15,848,842,853,840
124,2014-07-16,855,848,870,844
125,2014-07-17,857,855,883,851
126,2014-07-18,848,857,857,843
127,2014-07-19,845,848,853,840
128,2014-07-20,803,845,847,794
129,2014-07-21,749,803,816,739
130,2014-07-22,693,749,759,659
131,2014-07-23,669,693,722,658
132,2014-07-24,701,669,712,663
133,2014-07-25,695,701,703,536
134,2014-07-26,666,695,711,636
135,2014-07-27,646,666,672,634
136,2014-07-28,579,646,654,533
137,2014-07-29,642,579,697,554
138,2014-07-30,657,642,658,627
139,2014-07-31,612,657,658,577
140,2014-08-01,635,612,654,604
141,2014-08-02,619,635,642,608
142,2014-08-03,620,619,626,613
143,2014-08-04,546,620,621,526
144,2014-08-05,562,546,582,539
145,2014-08-06,623,562,623,555
146,2014-08-07,573,623,638,568
147,2014-08-08,502,573,584,493
148,2014-08-09,551,502,563,419
149,2014-08-10,574,551,600,549
150,2014-08-11,568,574,584,559
151,2014-08-12,552,568,571,536
152,2014-08-13,561,552,571,549
153,2014-08-14,568,561,569,551
154,2014-08-15,667,568,682,563
155,2014-08-16,661,667,699,654
156,2014-08-17,663,661,667,644
157,2014-08-18,652,663,664,645
158,2014-08-19,613,652,654,612
159,2014-08-20,612,613,627,601
160,2014-08-21,638,612,645,611
161,2014-08-22,627,638,643,611
162,2014-08-23,634,627,646,616
163,2014-08-24,632,634,640,628
164,2014-08-25,637,632,642,632
165,2014-08-26,629,637,637,625
166,2014-08-27,633,629,637,626
167,2014-08-28,631,633,636,628
168,2014-08-29,618,631,631,617
169,2014-08-30,617,618,622,600
170,2014-08-31,602,617,622,602
171,2014-09-01,582,602,605,580
172,2014-09-02,571,582,606,564
173,2014-09-03,563,571,572,551
174,2014-09-04,558,563,571,552
175,2014-09-05,574,558,588,553
176,2014-09-06,573,574,586,571
177,2014-09-07,571,573,590,562
178,2014-09-08,510,571,572,472
179,2014-09-09,500,510,526,488
180,2014-09-10,487,500,505,484
181,2014-09-11,473,487,487,444
182,2014-09-12,465,473,473,443
183,2014-09-13,481,465,501,460
184,2014-09-14,428,481,495,420
185,2014-09-15,433,428,457,415
186,2014-09-16,454,433,456,429
187,2014-09-17,463,454,466,445
188,2014-09-18,457,463,467,451
189,2014-09-19,453,457,459,444
190,2014-09-20,451,453,457,447
191,2014-09-21,427,451,454,424
192,2014-09-22,375,427,428,345
193,2014-09-23,439,375,439,375
194,2014-09-24,424,439,439,414
195,2014-09-25,410,424,426,395
196,2014-09-26,456,410,471,407
197,2014-09-27,518,456,525,455
198,2014-09-28,523,518,544,494
199,2014-09-29,491,523,530,482
200,2014-09-30,470,491,498,469
201,2014-10-01,508,470,512,468
202,2014-10-02,506,508,511,490
203,2014-10-03,498,506,508,489
204,2014-10-04,488,498,499,483
205,2014-10-05,488,488,490,481
206,2014-10-06,470,488,501,469
207,2014-10-07,449,470,473,441
208,2014-10-08,453,449,464,449
209,2014-10-09,427,453,458,424
210,2014-10-10,433,427,446,422
211,2014-10-11,445,433,450,432
212,2014-10-12,455,445,456,433
213,2014-10-13,454,455,460,448
214,2014-10-14,442,454,454,440
215,2014-10-15,439,442,444,429
216,2014-10-16,433,439,439,429
217,2014-10-17,419,433,435,419
218,2014-10-18,429,419,432,419
219,2014-10-19,443,429,447,424
220,2014-10-20,440,443,446,435
221,2014-10-21,450,440,452,439
222,2014-10-22,450,450,454,447
223,2014-10-23,435,450,451,431
224,2014-10-24,438,435,441,432
225,2014-10-25,439,438,440,434
226,2014-10-26,446,439,446,439
227,2014-10-27,444,446,448,442
228,2014-10-28,446,444,448,443
229,2014-10-29,446,446,447,444
230,2014-10-30,445,446,447,443
231,2014-10-31,456,445,459,443
232,2014-11-01,490,456,495,451
233,2014-11-02,491,490,495,488
234,2014-11-03,523,491,536,488
235,2014-11-04,513,523,544,512
236,2014-11-05,534,513,536,512
237,2014-11-06,580,534,590,534
238,2014-11-07,582,580,590,576
239,2014-11-08,573,582,592,550
240,2014-11-09,563,573,577,561
241,2014-11-10,572,563,574,557
242,2014-11-11,613,572,623,567
243,2014-11-12,639,613,639,611
244,2014-11-13,635,639,677,621
245,2014-11-14,661,635,668,611
246,2014-11-15,628,661,676,618
247,2014-11-16,643,628,651,625
248,2014-11-17,653,643,665,640
249,2014-11-18,649,653,658,636
250,2014-11-19,653,649,657,647
251,2014-11-20,653,653,656,650
252,2014-11-21,645,653,654,638
253,2014-11-22,643,645,658,641
254,2014-11-23,633,643,647,625
255,2014-11-24,586,633,634,563
256,2014-11-25,589,586,614,585
257,2014-11-26,571,589,591,542
258,2014-11-27,590,571,594,552
259,2014-11-28,593,590,607,586
260,2014-11-29,611,593,614,591
261,2014-11-30,602,611,613,600
262,2014-12-01,595,602,606,591
263,2014-12-02,583,595,596,582
264,2014-12-03,600,583,604,582
265,2014-12-04,593,600,603,592
266,2014-12-05,585,593,594,581
267,2014-12-06,576,585,589,571
268,2014-12-07,572,576,577,559
269,2014-12-08,583,572,585,566
270,2014-12-09,598,583,601,577
271,2014-12-10,599,598,605,592
272,2014-12-11,598,599,601,589
273,2014-12-12,648,598,648,598
274,2014-12-13,638,648,655,628
275,2014-12-14,643,638,654,636
276,2014-12-15,644,643,647,636
277,2014-12-16,629,644,645,626
278,2014-12-17,632,629,636,625
279,2014-12-18,632,632,633,628
280,2014-12-19,622,632,634,613
281,2014-12-20,621,622,622,617
282,2014-12-21,622,621,625,617
283,2014-12-22,617,622,622,610
284,2014-12-23,635,617,637,614
285,2014-12-24,628,635,636,626
286,2014-12-25,622,628,635,622
287,2014-12-26,619,622,624,616
288,2014-12-27,620,619,623,618
289,2014-12-28,615,620,621,613
290,2014-12-29,624,615,628,612
291,2014-12-30,624,624,629,617
292,2014-12-31,624,624,627,622
293,2015-01-01,618,624,624,618
294,2015-01-02,623,618,623,617
295,2015-01-03,619,623,623,618
296,2015-01-04,618,619,620,617
297,2015-01-05,603,618,619,592
298,2015-01-06,598,603,606,594
299,2015-01-07,593,598,599,591
300,2015-01-08,581,593,596,580
301,2015-01-09,586,581,623,512
302,2015-01-10,581,586,587,578
303,2015-01-11,565,581,582,560
304,2015-01-12,584,565,588,565
305,2015-01-13,594,584,602,583
306,2015-01-14,582,594,595,581
307,2015-01-15,586,582,589,579
308,2015-01-16,583,586,593,582
309,2015-01-17,583,583,587,580
310,2015-01-18,584,583,587,579
311,2015-01-19,596,584,599,582
312,2015-01-20,586,596,597,586
313,2015-01-21,587,586,589,585
314,2015-01-22,589,587,594,586
315,2015-01-23,567,589,589,565
316,2015-01-24,566,567,574,563
317,2015-01-25,535,566,566,525
318,2015-01-26,512,535,535,496
319,2015-01-27,488,512,516,484
320,2015-01-28,517,488,523,485
321,2015-01-29,490,517,517,483
322,2015-01-30,456,490,492,436
323,2015-01-31,473,456,489,456
324,2015-02-01,520,473,533,465
325,2015-02-02,509,520,527,507
326,2015-02-03,508,509,523,501
327,2015-02-04,502,508,510,491
328,2015-02-05,504,502,514,497
329,2015-02-06,505,504,507,498
330,2015-02-07,514,505,515,504
331,2015-02-08,515,514,522,510
332,2015-02-09,507,515,516,506
333,2015-02-10,505,507,513,503
334,2015-02-11,503,505,506,500
335,2015-02-12,475,503,503,475
336,2015-02-13,478,475,486,472
337,2015-02-14,477,478,484,471
338,2015-02-15,476,477,480,474
339,2015-02-16,486,476,495,476
340,2015-02-17,481,486,490,479
341,2015-02-18,482,481,485,480
342,2015-02-19,474,482,486,472
343,2015-02-20,469,474,479,465
344,2015-02-21,475,469,479,465
345,2015-02-22,480,475,488,475
346,2015-02-23,474,480,481,472
347,2015-02-24,472,474,477,468
348,2015-02-25,476,472,480,471
349,2015-02-26,476,476,478,474
350,2015-02-27,472,476,477,469
351,2015-02-28,465,472,473,462
352,2015-03-01,450,465,466,447
353,2015-03-02,426,450,452,406
354,2015-03-03,411,426,427,381
355,2015-03-04,406,411,423,402
356,2015-03-05,400,406,406,391
357,2015-03-06,400,400,406,395
358,2015-03-07,428,400,444,392
359,2015-03-08,417,428,432,413
360,2015-03-09,411,417,419,407
361,2015-03-10,404,411,412,397
362,2015-03-11,399,404,406,395
363,2015-03-12,378,399,399,371
364,2015-03-13,377,378,386,370
365,2015-03-14,388,377,394,374
366,2015-03-15,382,388,391,378
367,2015-03-16,373,382,383,370
368,2015-03-17,361,373,375,354
369,2015-03-18,336,361,363,322
370,2015-03-19,309,336,338,287
371,2015-03-20,338,309,344,305
372,2015-03-21,327,338,339,317
373,2015-03-22,352,327,356,326
374,2015-03-23,369,352,383,348
375,2015-03-24,360,369,375,352
376,2015-03-25,357,360,364,351
377,2015-03-26,372,357,378,353
378,2015-03-27,393,372,395,367
379,2015-03-28,397,393,410,391
380,2015-03-29,393,397,398,387
381,2015-03-30,377,393,394,370
382,2015-03-31,379,377,383,372
383,2015-04-01,391,379,393,377
384,2015-04-02,382,391,392,382
385,2015-04-03,381,382,384,378
386,2015-04-04,383,381,389,378
387,2015-04-05,377,383,384,377
388,2015-04-06,352,377,377,352
389,2015-04-07,354,352,361,352
390,2015-04-08,346,354,356,340
391,2015-04-09,351,346,358,346
392,2015-04-10,350,351,356,347
393,2015-04-11,349,350,355,347
394,2015-04-12,336,349,352,333
395,2015-04-13,344,336,351,333
396,2015-04-14,339,344,347,336
397,2015-04-15,326,339,339,320
398,2015-04-16,332,326,334,320
399,2015-04-17,325,332,333,324
400,2015-04-18,333,325,336,321
401,2015-04-19,337,333,342,329
402,2015-04-20,347,337,352,337
403,2015-04-21,345,347,352,340
404,2015-04-22,344,345,346,341
405,2015-04-23,359,344,364,343
406,2015-04-24,369,359,375,358
407,2015-04-25,377,369,381,361
408,2015-04-26,443,377,443,377
409,2015-04-27,390,443,459,386
410,2015-04-28,395,390,413,382
411,2015-04-29,378,395,398,369
412,2015-04-30,401,378,405,377
413,2015-05-01,385,401,411,376
414,2015-05-02,376,385,390,370
415,2015-05-03,377,376,386,372
416,2015-05-04,349,377,378,348
417,2015-05-05,353,349,356,342
418,2015-05-06,357,353,364,352
419,2015-05-07,368,357,372,354
420,2015-05-08,382,368,389,365
421,2015-05-09,376,382,394,370
422,2015-05-10,373,376,378,366
423,2015-05-11,369,373,374,368
424,2015-05-12,376,369,382,359
425,2015-05-13,377,376,386,373
426,2015-05-14,377,377,382,375
427,2015-05-15,378,377,383,377
428,2015-05-16,383,378,384,378
429,2015-05-17,377,383,384,374
430,2015-05-18,369,377,379,366
431,2015-05-19,374,369,379,368
432,2015-05-20,374,374,376,371
433,2015-05-21,374,374,376,374
434,2015-05-22,358,374,374,357
435,2015-05-23,349,358,359,345
436,2015-05-24,342,349,352,338
437,2015-05-25,349,342,362,341
438,2015-05-26,347,349,354,346
439,2015-05-27,348,347,349,346
440,2015-05-28,349,348,354,347
441,2015-05-29,339,349,350,338
442,2015-05-30,331,339,340,324
443,2015-05-31,318,331,332,315
444,2015-06-01,307,318,318,305
445,2015-06-02,320,307,321,307
446,2015-06-03,322,320,331,320
447,2015-06-04,321,322,325,318
448,2015-06-05,329,321,333,319
449,2015-06-06,333,329,336,329
450,2015-06-07,322,333,333,318
451,2015-06-08,319,322,322,317
452,2015-06-09,321,319,331,319
453,2015-06-10,317,321,322,313
454,2015-06-11,316,317,320,311
455,2015-06-12,314,316,318,312
456,2015-06-13,310,314,315,309
457,2015-06-14,318,310,320,310
458,2015-06-15,315,318,318,313
459,2015-06-16,312,315,316,311
460,2015-06-17,278,312,313,276
461,2015-06-18,271,278,287,258
462,2015-06-19,273,271,278,266
463,2015-06-20,284,273,287,272
464,2015-06-21,291,284,301,284
465,2015-06-22,282,291,292,281
466,2015-06-23,287,282,292,281
467,2015-06-24,278,287,288,273
468,2015-06-25,269,278,278,264
469,2015-06-26,244,269,272,244
470,2015-06-27,220,244,250,217
471,2015-06-28,194,220,220,171
472,2015-06-29,221,194,230,193
473,2015-06-30,210,221,223,200
474,2015-07-01,196,210,210,195
475,2015-07-02,213,196,219,195
476,2015-07-03,212,213,217,207
477,2015-07-04,213,212,215,205
478,2015-07-05,231,213,237,211
479,2015-07-06,227,231,237,225
480,2015-07-07,232,227,236,225
481,2015-07-08,252,232,255,232
482,2015-07-09,284,252,291,244
483,2015-07-10,259,284,308,255
484,2015-07-11,258,259,269,251
485,2015-07-12,236,258,263,226
486,2015-07-13,234,236,238,221
487,2015-07-14,227,234,243,226
488,2015-07-15,217,227,234,216
489,2015-07-16,230,217,232,212
490,2015-07-17,238,230,243,223
491,2015-07-18,226,238,247,225
492,2015-07-19,227,226,231,221
493,2015-07-20,220,227,228,215
494,2015-07-21,226,220,227,217
495,2015-07-22,226,226,231,223
496,2015-07-23,223,226,230,220
497,2015-07-24,221,223,224,218
498,2015-07-25,224,221,224,216
499,2015-07-26,219,224,224,219
500,2015-07-27,224,219,225,218
501,2015-07-28,238,224,241,224
502,2015-07-29,257,238,262,238
503,2015-07-30,231,257,268,227
504,2015-07-31,236,231,240,230
505,2015-08-01,243,236,247,235
506,2015-08-02,238,243,244,232
507,2015-08-03,242,238,244,236
508,2015-08-04,246,242,248,242
509,2015-08-05,246,246,247,244
510,2015-08-06,236,246,246,234
511,2015-08-07,239,236,240,232
512,2015-08-08,239,239,240,236
513,2015-08-09,236,239,239,234
514,2015-08-10,252,236,252,235
515,2015-08-11,252,252,258,247
516,2015-08-12,252,252,255,251
517,2015-08-13,259,252,261,245
518,2015-08-14,271,259,273,258
519,2015-08-15,279,271,287,268
520,2015-08-16,270,279,284,267
521,2015-08-17,275,270,281,264
522,2015-08-18,271,275,276,270
523,2015-08-19,277,271,278,271
524,2015-08-20,278,277,279,272
525,2015-08-21,295,278,297,277
526,2015-08-22,290,295,301,289
527,2015-08-23,293,290,297,289
528,2015-08-24,294,293,297,292
529,2015-08-25,283,294,294,282
530,2015-08-26,284,283,287,281
531,2015-08-27,291,284,292,283
532,2015-08-28,291,291,294,289
533,2015-08-29,284,291,292,283
534,2015-08-30,253,284,285,247
535,2015-08-31,264,253,265,251
536,2015-09-01,260,264,264,259
537,2015-09-02,260,260,263,255
538,2015-09-03,268,260,270,260
539,2015-09-04,266,268,271,261
540,2015-09-05,247,266,266,243
541,2015-09-06,246,247,250,237
542,2015-09-07,247,246,255,245
543,2015-09-08,249,247,250,247
544,2015-09-09,247,249,255,247
545,2015-09-10,246,247,248,237
546,2015-09-11,248,246,249,243
547,2015-09-12,244,248,248,242
548,2015-09-13,247,244,248,241
549,2015-09-14,253,247,255,245
550,2015-09-15,254,253,256,252
551,2015-09-16,253,254,254,251
552,2015-09-17,261,253,262,252
553,2015-09-18,253,261,261,252
554,2015-09-19,253,253,256,252
555,2015-09-20,245,253,254,243
556,2015-09-21,241,245,245,238
557,2015-09-22,237,241,242,232
558,2015-09-23,237,237,238,234
559,2015-09-24,236,237,237,233
560,2015-09-25,223,236,237,221
561,2015-09-26,221,223,223,216
562,2015-09-27,227,221,227,219
563,2015-09-28,228,227,230,225
564,2015-09-29,224,228,229,222
565,2015-09-30,224,224,224,221
566,2015-10-01,224,224,227,222
567,2015-10-02,225,224,227,222
568,2015-10-03,236,225,237,224
569,2015-10-04,235,236,239,233
570,2015-10-05,234,235,237,232
571,2015-10-06,229,234,234,229
572,2015-10-07,220,229,230,219
573,2015-10-08,220,220,221,215
574,2015-10-09,228,220,233,218
575,2015-10-10,226,228,228,223
576,2015-10-11,226,226,227,224
577,2015-10-12,237,226,240,226
578,2015-10-13,234,237,240,232
579,2015-10-14,237,234,237,233
580,2015-10-15,241,237,244,237
581,2015-10-16,236,241,243,236
582,2015-10-17,236,236,237,232
583,2015-10-18,231,236,237,229
584,2015-10-19,238,231,240,229
585,2015-10-20,245,238,246,237
586,2015-10-21,242,245,248,239
587,2015-10-22,240,242,245,238
588,2015-10-23,241,240,245,239
589,2015-10-24,242,241,243,240
590,2015-10-25,236,242,244,235
591,2015-10-26,238,236,239,234
592,2015-10-27,237,238,239,236
593,2015-10-28,237,237,238,235
594,2015-10-29,237,237,238,236
595,2015-10-30,234,237,237,232
596,2015-10-31,233,234,235,232
597,2015-11-01,235,233,235,232
598,2015-11-02,236,235,237,234
599,2015-11-03,241,236,242,236
600,2015-11-04,240,241,242,239
601,2015-11-05,241,240,243,239
602,2015-11-06,238,241,242,237
603,2015-11-07,238,238,239,236
604,2015-11-08,238,238,239,237
605,2015-11-09,238,238,238,237
606,2015-11-10,237,238,238,236
607,2015-11-11,234,237,237,232
608,2015-11-12,231,234,234,230
609,2015-11-13,224,231,232,222
610,2015-11-14,227,224,228,223
611,2015-11-15,226,227,228,224
612,2015-11-16,224,226,227,224
613,2015-11-17,225,224,227,224
614,2015-11-18,226,225,227,225
615,2015-11-19,224,226,227,223
616,2015-11-20,229,224,230,224
617,2015-11-21,230,229,232,228
618,2015-11-22,230,230,231,228
619,2015-11-23,230,230,231,230
620,2015-11-24,231,230,232,230
621,2015-11-25,234,231,234,231
622,2015-11-26,235,234,236,233
623,2015-11-27,238,235,239,235
624,2015-11-28,249,238,255,238
625,2015-11-29,248,249,258,247
626,2015-11-30,250,248,252,244
627,2015-12-01,241,250,251,241
628,2015-12-02,245,241,247,240
629,2015-12-03,245,245,246,242
630,2015-12-04,248,245,249,244
631,2015-12-05,244,248,248,243
632,2015-12-06,241,244,244,240
633,2015-12-07,243,241,244,241
634,2015-12-08,243,243,243,241
635,2015-12-09,251,243,252,243
636,2015-12-10,250,251,251,247
637,2015-12-11,259,250,260,249
638,2015-12-12,262,259,269,259
639,2015-12-13,260,262,262,255
640,2015-12-14,256,260,260,254
641,2015-12-15,254,256,257,253
642,2015-12-16,262,254,263,254
643,2015-12-17,268,262,274,258
644,2015-12-18,271,268,277,268
645,2015-12-19,265,271,271,264
646,2015-12-20,268,265,273,264
647,2015-12-21,270,268,272,268
648,2015-12-22,287,270,296,269
649,2015-12-23,302,287,304,287
650,2015-12-24,305,302,314,297
651,2015-12-25,291,305,306,278
652,2015-12-26,289,291,296,286
653,2015-12-27,288,289,293,283
654,2015-12-28,277,288,289,275
655,2015-12-29,279,277,280,272
656,2015-12-30,276,279,283,274
657,2015-12-31,275,276,276,272
658,2016-01-01,280,275,280,274
659,2016-01-02,275,280,281,274
660,2016-01-03,277,275,278,275
661,2016-01-04,277,277,277,276
662,2016-01-05,288,277,290,276
663,2016-01-06,288,288,291,287
664,2016-01-07,292,288,293,288
665,2016-01-08,294,292,297,286
666,2016-01-09,293,294,296,293
667,2016-01-10,289,293,293,288
668,2016-01-11,287,289,290,286
669,2016-01-12,283,287,287,282
670,2016-01-13,279,283,283,277
671,2016-01-14,280,279,283,277
672,2016-01-15,284,280,285,280
673,2016-01-16,285,284,286,281
674,2016-01-17,281,285,285,281
675,2016-01-18,276,281,282,276
676,2016-01-19,279,276,280,276
677,2016-01-20,262,279,279,260
678,2016-01-21,266,262,267,261
679,2016-01-22,265,266,267,262
680,2016-01-23,271,265,272,265
681,2016-01-24,265,271,271,265
682,2016-01-25,263,265,266,262
683,2016-01-26,266,263,268,262
684,2016-01-27,262,266,266,260
685,2016-01-28,259,262,262,256
686,2016-01-29,257,259,260,256
687,2016-01-30,231,257,257,215
688,2016-01-31,233,231,237,221
689,2016-02-01,235,233,237,230
690,2016-02-02,234,235,236,231
691,2016-02-03,232,234,234,222
692,2016-02-04,228,232,232,225
693,2016-02-05,204,228,228,199
694,2016-02-06,220,204,227,203
695,2016-02-07,225,220,231,220
696,2016-02-08,225,225,229,220
697,2016-02-09,231,225,235,223
698,2016-02-10,231,231,233,227
699,2016-02-11,228,231,231,226
700,2016-02-12,230,228,232,225
701,2016-02-13,227,230,230,226
702,2016-02-14,229,227,231,226
703,2016-02-15,228,229,229,227
704,2016-02-16,230,228,231,227
705,2016-02-17,241,230,242,230
706,2016-02-18,240,241,244,238
707,2016-02-19,243,240,244,239
708,2016-02-20,245,243,246,242
709,2016-02-21,238,245,245,238
710,2016-02-22,241,238,241,236
711,2016-02-23,240,241,242,239
712,2016-02-24,236,240,241,235
713,2016-02-25,230,236,236,228
714,2016-02-26,231,230,233,228
715,2016-02-27,231,231,232,230
716,2016-02-28,230,231,232,227
717,2016-02-29,234,230,235,229
718,2016-03-01,233,234,235,232
719,2016-03-02,232,233,233,231
720,2016-03-03,231,232,233,231
721,2016-03-04,228,231,231,227
722,2016-03-05,232,228,233,225
723,2016-03-06,232,232,232,230
724,2016-03-07,234,232,236,231
725,2016-03-08,235,234,238,234
726,2016-03-09,235,235,235,234
727,2016-03-10,238,235,238,233
728,2016-03-11,239,238,241,237
729,2016-03-12,239,239,241,237
730,2016-03-13,238,239,239,236
731,2016-03-14,239,238,239,236
732,2016-03-15,238,239,239,237
733,2016-03-16,239,238,240,238
734,2016-03-17,239,239,240,239
735,2016-03-18,241,239,242,238
736,2016-03-19,247,241,248,241
737,2016-03-20,245,247,247,243
738,2016-03-21,244,245,245,243
739,2016-03-22,245,244,246,243
740,2016-03-23,246,245,246,244
741,2016-03-24,248,246,248,245
742,2016-03-25,245,248,248,244
743,2016-03-26,250,245,251,245
744,2016-03-27,255,250,256,250
745,2016-03-28,256,255,257,253
746,2016-03-29,268,256,269,256
747,2016-03-30,271,268,275,264
748,2016-03-31,265,271,272,262
749,2016-04-01,265,265,266,262
750,2016-04-02,271,265,273,265
751,2016-04-03,268,271,272,265
752,2016-04-04,275,268,279,268
753,2016-04-05,280,275,281,275
754,2016-04-06,287,280,290,279
755,2016-04-07,285,287,295,283
756,2016-04-08,288,285,292,281
757,2016-04-09,301,288,302,287
758,2016-04-10,305,301,307,298
759,2016-04-11,327,305,327,305
760,2016-04-12,328,327,334,314
761,2016-04-13,312,328,329,307
762,2016-04-14,326,312,328,312
763,2016-04-15,370,326,371,325
764,2016-04-16,433,370,435,363
765,2016-04-17,435,433,493,375
766,2016-04-18,360,435,435,356
767,2016-04-19,378,360,396,354
768,2016-04-20,388,378,393,378
769,2016-04-21,371,388,390,362
770,2016-04-22,377,371,387,367
771,2016-04-23,312,377,382,299
772,2016-04-24,321,312,327,301
773,2016-04-25,338,321,346,317
774,2016-04-26,335,338,342,326
775,2016-04-27,334,335,340,330
776,2016-04-28,321,334,335,316
777,2016-04-29,338,321,341,319
778,2016-04-30,334,338,338,332
779,2016-05-01,335,334,338,330
780,2016-05-02,316,335,336,312
781,2016-05-03,322,316,325,316
782,2016-05-04,327,322,329,321
783,2016-05-05,323,327,327,321
784,2016-05-06,321,323,327,318
785,2016-05-07,319,321,323,317
786,2016-05-08,333,319,334,318
787,2016-05-09,350,333,369,333
788,2016-05-10,355,350,365,348
789,2016-05-11,357,355,361,352
790,2016-05-12,376,357,380,356
791,2016-05-13,378,376,383,370
792,2016-05-14,353,378,380,349
793,2016-05-15,367,353,368,351
794,2016-05-16,359,367,371,356
795,2016-05-17,370,359,372,357
796,2016-05-18,395,370,397,370
797,2016-05-19,392,395,403,384
798,2016-05-20,396,392,400,388
799,2016-05-21,422,396,422,390
800,2016-05-22,416,422,424,406
801,2016-05-23,422,416,423,412
802,2016-05-24,468,422,471,421
803,2016-05-25,436,468,468,409
804,2016-05-26,438,436,443,423
805,2016-05-27,454,438,458,437
806,2016-05-28,446,454,466,446
807,2016-05-29,452,446,463,441
808,2016-05-30,457,452,459,452
809,2016-05-31,465,457,467,455
810,2016-06-01,461,465,466,454
811,2016-06-02,436,461,462,426
812,2016-06-03,439,436,446,433
813,2016-06-04,438,439,444,434
814,2016-06-05,457,438,457,438
815,2016-06-06,456,457,460,453
816,2016-06-07,448,456,459,446
817,2016-06-08,420,448,449,407
818,2016-06-09,428,420,430,415
819,2016-06-10,423,428,429,418
820,2016-06-11,432,423,435,420
821,2016-06-12,425,432,434,422
822,2016-06-13,433,425,434,418
823,2016-06-14,434,433,437,428
824,2016-06-15,432,434,436,430
825,2016-06-16,432,432,433,425
826,2016-06-17,434,432,436,431
827,2016-06-18,428,434,434,427
828,2016-06-19,442,428,444,427
829,2016-06-20,458,442,464,440
830,2016-06-21,453,458,458,448
831,2016-06-22,446,453,453,445
832,2016-06-23,451,446,452,442
833,2016-06-24,447,451,451,444
834,2016-06-25,432,447,448,423
835,2016-06-26,432,432,434,425
836,2016-06-27,417,432,433,414
837,2016-06-28,373,417,418,359
838,2016-06-29,384,373,391,354
839,2016-06-30,381,384,388,379
840,2016-07-01,383,381,388,375
841,2016-07-02,379,383,387,375
842,2016-07-03,418,379,425,379
843,2016-07-04,404,418,421,403
844,2016-07-05,389,404,404,375
845,2016-07-06,389,389,395,382
846,2016-07-07,398,389,406,388
847,2016-07-08,391,398,401,387
848,2016-07-09,393,391,398,389
849,2016-07-10,382,393,397,378
850,2016-07-11,370,382,385,364
851,2016-07-12,377,370,385,369
852,2016-07-13,379,377,381,376
853,2016-07-14,373,379,380,365
854,2016-07-15,373,373,379,370
855,2016-07-16,373,373,375,370
856,2016-07-17,371,373,374,367
857,2016-07-18,387,371,392,371
858,2016-07-19,378,387,391,377
859,2016-07-20,377,378,379,371
860,2016-07-21,377,377,380,373
861,2016-07-22,373,377,379,371
862,2016-07-23,375,373,377,371
863,2016-07-24,380,375,384,375
864,2016-07-25,379,380,380,374
865,2016-07-26,389,379,389,379
866,2016-07-27,398,389,399,388
867,2016-07-28,406,398,411,396
868,2016-07-29,402,406,408,396
869,2016-07-30,408,402,409,400
870,2016-07-31,418,408,422,408
871,2016-08-01,422,418,425,417
872,2016-08-02,423,422,423,416
873,2016-08-03,440,423,444,422
874,2016-08-04,437,440,449,428
875,2016-08-05,439,437,441,434
876,2016-08-06,420,439,440,416
877,2016-08-07,423,420,428,412
878,2016-08-08,422,423,425,419
879,2016-08-09,434,422,435,421
880,2016-08-10,426,434,434,423
881,2016-08-11,439,426,440,425
882,2016-08-12,437,439,442,434
883,2016-08-13,435,437,437,429
884,2016-08-14,420,435,435,418
885,2016-08-15,422,420,424,416
886,2016-08-16,408,422,423,402
887,2016-08-17,398,408,409,389
888,2016-08-18,408,398,410,396
889,2016-08-19,415,408,416,406
890,2016-08-20,411,415,416,409
891,2016-08-21,412,411,414,410
892,2016-08-22,417,412,417,412
893,2016-08-23,416,417,422,415
894,2016-08-24,412,416,416,408
895,2016-08-25,415,412,417,412
896,2016-08-26,417,415,417,413
897,2016-08-27,415,417,418,413
898,2016-08-28,418,415,418,414
899,2016-08-29,418,418,420,417
900,2016-08-30,408,418,418,404
901,2016-08-31,410,408,412,404
902,2016-09-01,408,410,413,408
903,2016-09-02,416,408,416,407
904,2016-09-03,418,416,418,416
905,2016-09-04,416,418,419,416
906,2016-09-05,415,416,417,413
907,2016-09-06,417,415,418,414
908,2016-09-07,417,417,418,415
909,2016-09-08,425,417,428,417
910,2016-09-09,424,425,426,422
911,2016-09-10,415,424,424,408
912,2016-09-11,415,415,416,410
913,2016-09-12,417,415,417,414
914,2016-09-13,419,417,421,415
915,2016-09-14,419,419,420,419
916,2016-09-15,419,419,420,418
917,2016-09-16,423,419,423,418
918,2016-09-17,423,423,424,421
919,2016-09-18,421,423,423,421
920,2016-09-19,422,421,423,419
921,2016-09-20,416,422,424,414
922,2016-09-21,419,416,419,416
923,2016-09-22,422,419,422,419
924,2016-09-23,427,422,427,420
925,2016-09-24,427,427,428,425
926,2016-09-25,426,427,427,423
927,2016-09-26,427,426,427,424
928,2016-09-27,430,427,430,425
929,2016-09-28,431,430,433,430
930,2016-09-29,430,431,431,427
931,2016-09-30,429,430,431,428
932,2016-10-01,436,429,438,429
933,2016-10-02,444,436,446,436
934,2016-10-03,447,444,453,442
935,2016-10-04,448,447,450,444
936,2016-10-05,456,448,458,446
937,2016-10-06,459,456,461,451
938,2016-10-07,465,459,470,456
939,2016-10-08,467,465,471,463
940,2016-10-09,442,467,469,436
941,2016-10-10,447,442,451,439
942,2016-10-11,455,447,457,447
943,2016-10-12,450,455,456,448
944,2016-10-13,454,450,454,449
945,2016-10-14,444,454,454,440
946,2016-10-15,450,444,452,444
947,2016-10-16,448,450,451,446
948,2016-10-17,448,448,450,446
949,2016-10-18,459,448,463,448
950,2016-10-19,460,459,462,458
951,2016-10-20,459,460,461,457
952,2016-10-21,461,459,465,458
953,2016-10-22,455,461,462,448
954,2016-10-23,452,455,455,451
955,2016-10-24,454,452,456,448
956,2016-10-25,457,454,458,453
957,2016-10-26,457,457,457,454
958,2016-10-27,458,457,459,456
959,2016-10-28,455,458,458,452
960,2016-10-29,455,455,455,453
961,2016-10-30,454,455,456,454
962,2016-10-31,441,454,455,436
963,2016-11-01,443,441,445,440
964,2016-11-02,443,443,444,440
965,2016-11-03,441,443,444,438
966,2016-11-04,445,441,445,441
967,2016-11-05,448,445,448,444
968,2016-11-06,449,448,450,447
969,2016-11-07,468,449,473,449
970,2016-11-08,490,468,491,468
971,2016-11-09,517,490,532,490
972,2016-11-10,530,517,546,509
973,2016-11-11,538,530,542,526
974,2016-11-12,529,538,547,520
975,2016-11-13,539,529,544,528
976,2016-11-14,538,539,542,533
977,2016-11-15,572,538,577,537
978,2016-11-16,580,572,592,564
979,2016-11-17,579,580,583,569
980,2016-11-18,586,579,591,579
981,2016-11-19,577,586,589,566
982,2016-11-20,581,577,584,574
983,2016-11-21,575,581,582,573
984,2016-11-22,584,575,586,574
985,2016-11-23,634,584,635,583
986,2016-11-24,683,634,686,629
987,2016-11-25,696,683,720,674
988,2016-11-26,686,696,696,662
989,2016-11-27,733,686,733,674
990,2016-11-28,774,733,777,726
991,2016-11-29,737,774,774,710
992,2016-11-30,748,737,782,734
993,2016-12-01,759,748,766,743
994,2016-12-02,703,759,764,684
995,2016-12-03,658,703,714,632
996,2016-12-04,582,658,678,552
997,2016-12-05,658,582,659,561
998,2016-12-06,688,658,693,638
999,2016-12-07,658,688,689,645
1000,2016-12-08,645,658,660,616
1001,2016-12-09,656,645,662,627
1002,2016-12-10,635,656,657,625
1003,2016-12-11,636,635,643,628
1004,2016-12-12,684,636,685,635
1005,2016-12-13,679,684,685,669
1006,2016-12-14,691,679,705,678
1007,2016-12-15,671,691,695,647
1008,2016-12-16,680,671,683,668
1009,2016-12-17,677,680,680,663
1010,2016-12-18,672,677,681,667
1011,2016-12-19,641,672,673,612
1012,2016-12-20,655,641,666,637
1013,2016-12-21,650,655,662,627
1014,2016-12-22,657,650,661,640
1015,2016-12-23,649,657,659,645
1016,2016-12-24,664,649,676,647
1017,2016-12-25,655,664,669,652
1018,2016-12-26,664,655,666,652
1019,2016-12-27,667,664,669,663
1020,2016-12-28,666,667,667,659
1021,2016-12-29,682,666,682,664
1022,2016-12-30,674,682,683,668
1023,2016-12-31,674,674,675,668
1024,2017-01-01,663,674,674,660
1025,2017-01-02,667,663,668,663
1026,2017-01-03,655,667,668,646
1027,2017-01-04,655,655,657,649
1028,2017-01-05,661,655,664,653
1029,2017-01-06,656,661,662,654
1030,2017-01-07,651,656,657,645
1031,2017-01-08,657,651,660,648
1032,2017-01-09,656,657,659,655
1033,2017-01-10,657,656,659,655
1034,2017-01-11,636,657,659,635
1035,2017-01-12,622,636,640,617
1036,2017-01-13,602,622,628,601
1037,2017-01-14,556,602,609,485
1038,2017-01-15,579,556,584,550
1039,2017-01-16,571,579,583,561
1040,2017-01-17,575,571,580,568
1041,2017-01-18,589,575,593,568
1042,2017-01-19,590,589,598,585
1043,2017-01-20,587,590,594,585
1044,2017-01-21,586,587,590,584
1045,2017-01-22,595,586,600,585
1046,2017-01-23,582,595,598,582
1047,2017-01-24,585,582,590,582
1048,2017-01-25,582,585,590,581
1049,2017-01-26,572,582,584,564
1050,2017-01-27,568,572,575,561
1051,2017-01-28,576,568,581,566
1052,2017-01-29,573,576,579,569
1053,2017-01-30,574,573,577,572
1054,2017-01-31,574,574,576,572
1055,2017-02-01,582,574,583,573
1056,2017-02-02,580,582,584,580
1057,2017-02-03,586,580,587,579
1058,2017-02-04,578,586,587,578
1059,2017-02-05,575,578,581,574
1060,2017-02-06,576,575,577,574
1061,2017-02-07,576,576,579,575
1062,2017-02-08,569,576,576,567
1063,2017-02-09,575,569,576,569
1064,2017-02-10,572,575,575,572
1065,2017-02-11,574,572,577,572
1066,2017-02-12,573,574,574,571
1067,2017-02-13,571,573,573,569
1068,2017-02-14,573,571,576,570
1069,2017-02-15,597,573,600,573
1070,2017-02-16,607,597,613,597
1071,2017-02-17,605,607,608,601
1072,2017-02-18,610,605,612,605
1073,2017-02-19,614,610,616,608
1074,2017-02-20,624,614,629,614
1075,2017-02-21,621,624,625,618
1076,2017-02-22,623,621,625,621
1077,2017-02-23,605,623,629,596
1078,2017-02-24,608,605,608,604
1079,2017-02-25,607,608,609,606
1080,2017-02-26,607,607,610,607
1081,2017-02-27,606,607,609,605
1082,2017-02-28,607,606,609,605
1083,2017-03-01,606,607,607,604
1084,2017-03-02,610,606,610,605
1085,2017-03-03,607,610,610,607
1086,2017-03-04,596,607,609,591
1087,2017-03-05,597,596,597,594
1088,2017-03-06,596,597,597,594
1089,2017-03-07,603,596,603,595
1090,2017-03-08,602,603,604,600
1091,2017-03-09,599,602,602,598
1092,2017-03-10,606,599,608,599
1093,2017-03-11,603,606,608,602
1094,2017-03-12,604,603,605,603
1095,2017-03-13,605,604,607,603
1096,2017-03-14,611,605,612,604
1097,2017-03-15,614,611,616,611
1098,2017-03-16,612,614,614,609
1099,2017-03-17,610,612,613,609
1100,2017-03-18,609,610,611,608
1101,2017-03-19,611,609,613,608
1102,2017-03-20,611,611,612,610
1103,2017-03-21,618,611,618,610
1104,2017-03-22,615,618,619,615
1105,2017-03-23,616,615,617,615
1106,2017-03-24,619,616,619,614
1107,2017-03-25,638,619,641,619
1108,2017-03-26,638,638,639,635
1109,2017-03-27,636,638,638,634
1110,2017-03-28,639,636,640,632
1111,2017-03-29,639,639,640,637
1112,2017-03-30,637,639,642,637
1113,2017-03-31,638,637,639,636
1114,2017-04-01,635,638,638,633
1115,2017-04-02,627,635,637,626
1116,2017-04-03,630,627,630,627
1117,2017-04-04,631,630,633,629
1118,2017-04-05,651,631,655,631
1119,2017-04-06,648,651,654,646
1120,2017-04-07,653,648,653,646
1121,2017-04-08,658,653,659,647
1122,2017-04-09,685,658,686,657
1123,2017-04-10,685,685,687,679
1124,2017-04-11,701,685,702,682
1125,2017-04-12,705,701,719,693
1126,2017-04-13,694,705,710,683
1127,2017-04-14,709,694,711,694
1128,2017-04-15,726,709,736,708
1129,2017-04-16,742,726,745,720
1130,2017-04-17,702,742,745,674
1131,2017-04-18,703,702,707,688
1132,2017-04-19,706,703,707,697
1133,2017-04-20,706,706,715,700
1134,2017-04-21,707,706,708,701
1135,2017-04-22,729,707,730,702
1136,2017-04-23,720,729,739,718
1137,2017-04-24,715,720,720,708
1138,2017-04-25,716,715,719,714
1139,2017-04-26,695,716,716,694
1140,2017-04-27,705,695,705,687
1141,2017-04-28,712,705,714,699
1142,2017-04-29,711,712,717,710
1143,2017-04-30,746,711,747,711
1144,2017-05-01,739,746,753,732
1145,2017-05-02,749,739,752,738
1146,2017-05-03,753,749,755,741
1147,2017-05-04,731,753,754,714
1148,2017-05-05,735,731,739,729
1149,2017-05-06,746,735,751,735
1150,2017-05-07,740,746,747,733
1151,2017-05-08,731,740,741,728
1152,2017-05-09,738,731,739,729
1153,2017-05-10,728,738,739,725
1154,2017-05-11,732,728,736,728
1155,2017-05-12,732,732,735,730
1156,2017-05-13,732,732,735,729
1157,2017-05-14,745,732,745,731
1158,2017-05-15,767,745,768,745
1159,2017-05-16,770,767,779,764
1160,2017-05-17,765,770,771,758
1161,2017-05-18,761,765,768,760
1162,2017-05-19,755,761,761,746
1163,2017-05-20,759,755,760,752
1164,2017-05-21,764,759,769,753
1165,2017-05-22,767,764,772,763
1166,2017-05-23,774,767,774,767
1167,2017-05-24,766,774,776,765
1168,2017-05-25,770,766,770,764
1169,2017-05-26,775,770,789,767
1170,2017-05-27,779,775,782,772
1171,2017-05-28,777,779,780,772
1172,2017-05-29,777,777,779,773
1173,2017-05-30,787,777,791,776
1174,2017-05-31,790,787,791,786
1175,2017-06-01,792,790,792,786
1176,2017-06-02,790,792,793,789
1177,2017-06-03,806,790,807,789
1178,2017-06-04,843,806,843,806
1179,2017-06-05,911,843,911,843
1180,2017-06-06,911,911,919,879
1181,2017-06-07,871,911,917,870
1182,2017-06-08,906,871,910,859
1183,2017-06-09,901,906,907,894
1184,2017-06-10,949,901,950,901
1185,2017-06-11,972,949,983,948
1186,2017-06-12,955,972,978,950
1187,2017-06-13,953,955,965,929
1188,2017-06-14,965,953,969,950
1189,2017-06-15,1010,965,1012,964
1190,2017-06-16,1029,1010,1035,999
1191,2017-06-17,1048,1029,1049,1014
1192,2017-06-18,1141,1048,1142,1048
1193,2017-06-19,986,1141,1154,888
1194,2017-06-20,838,986,991,822
1195,2017-06-21,924,838,924,817
1196,2017-06-22,890,924,943,879
1197,2017-06-23,906,890,912,882
1198,2017-06-24,911,906,915,898
1199,2017-06-25,773,911,920,748
1200,2017-06-26,785,773,829,747
1201,2017-06-27,821,785,840,775
1202,2017-06-28,822,821,836,811
1203,2017-06-29,831,822,835,811
1204,2017-06-30,849,831,849,821
1205,2017-07-01,891,849,915,849
1206,2017-07-02,889,891,902,849
1207,2017-07-03,897,889,906,885
1208,2017-07-04,921,897,922,883
1209,2017-07-05,935,921,937,913
1210,2017-07-06,921,935,937,894
1211,2017-07-07,913,921,927,892
1212,2017-07-08,899,913,923,885
1213,2017-07-09,902,899,902,889
1214,2017-07-10,913,902,920,897
1215,2017-07-11,920,913,922,910
1216,2017-07-12,921,920,923,918
1217,2017-07-13,917,921,922,913
1218,2017-07-14,922,917,922,916
1219,2017-07-15,974,922,979,921
1220,2017-07-16,983,974,993,965
1221,2017-07-17,1021,983,1021,983
1222,2017-07-18,1012,1021,1025,996
1223,2017-07-19,1030,1012,1041,1005
1224,2017-07-20,1020,1030,1031,1007
1225,2017-07-21,1030,1020,1031,1019
1226,2017-07-22,1068,1030,1068,1030
1227,2017-07-23,1073,1068,1073,1019
1228,2017-07-24,975,1073,1078,943
1229,2017-07-25,998,975,1001,955
1230,2017-07-26,1005,998,1016,998
1231,2017-07-27,1005,1005,1009,998
1232,2017-07-28,995,1005,1008,977
1233,2017-07-29,1004,995,1017,988
1234,2017-07-30,1019,1004,1022,1002
1235,2017-07-31,1039,1019,1042,1017
1236,2017-08-01,1059,1039,1059,1028
1237,2017-08-02,1053,1059,1067,1052
1238,2017-08-03,1047,1053,1062,1046
1239,2017-08-04,1080,1047,1085,1047
1240,2017-08-05,1113,1080,1127,1080
1241,2017-08-06,1123,1113,1133,1102
1242,2017-08-07,1194,1123,1194,1121
1243,2017-08-08,1183,1194,1207,1102
1244,2017-08-09,1140,1183,1185,1127
1245,2017-08-10,1190,1140,1193,1140
1246,2017-08-11,1190,1190,1211,1174
1247,2017-08-12,1194,1190,1199,1180
1248,2017-08-13,1222,1194,1234,1188
1249,2017-08-14,1270,1222,1285,1217
1250,2017-08-15,1286,1270,1294,1259
1251,2017-08-16,1261,1286,1288,1240
1252,2017-08-17,1274,1261,1281,1246
1253,2017-08-18,1281,1274,1286,1269
1254,2017-08-19,1207,1281,1281,1189
1255,2017-08-20,1154,1207,1226,1136
1256,2017-08-21,1201,1154,1209,1148
1257,2017-08-22,1148,1201,1326,1023
1258,2017-08-23,1187,1148,1201,1147
1259,2017-08-24,1236,1187,1238,1179
1260,2017-08-25,1243,1236,1248,1217
1261,2017-08-26,1246,1243,1258,1228
1262,2017-08-27,1248,1246,1261,1246
1263,2017-08-28,1127,1248,1249,1104
1264,2017-08-29,1063,1127,1165,1058
1265,2017-08-30,1001,1063,1095,945
1266,2017-08-31,1037,1001,1059,978
1267,2017-09-01,1066,1037,1066,1016
1268,2017-09-02,1092,1066,1120,1064
1269,2017-09-03,1037,1092,1102,991
1270,2017-09-04,1014,1037,1054,1013
1271,2017-09-05,922,1014,1015,921
1272,2017-09-06,963,922,973,892
1273,2017-09-07,969,963,999,947
1274,2017-09-08,1036,969,1043,966
1275,2017-09-09,1012,1036,1065,1011
1276,2017-09-10,1042,1012,1057,1012
1277,2017-09-11,1049,1042,1052,1024
1278,2017-09-12,1078,1049,1088,1041
1279,2017-09-13,1083,1078,1104,1070
1280,2017-09-14,1141,1083,1141,1078
1281,2017-09-15,1149,1141,1156,1121
1282,2017-09-16,1140,1149,1162,1126
1283,2017-09-17,1151,1140,1152,1114
1284,2017-09-18,1178,1151,1203,1150
1285,2017-09-19,1197,1178,1203,1177
1286,2017-09-20,1188,1197,1197,1171
1287,2017-09-21,1214,1188,1219,1179
1288,2017-09-22,1207,1214,1220,1203
1289,2017-09-23,1227,1207,1233,1205
1290,2017-09-24,1217,1227,1227,1214
1291,2017-09-25,1188,1217,1220,1155
1292,2017-09-26,1187,1188,1198,1170
1293,2017-09-27,1190,1187,1200,1179
1294,2017-09-28,1185,1190,1191,1179
1295,2017-09-29,1212,1185,1212,1182
1296,2017-09-30,1219,1212,1223,1212
1297,2017-10-01,1228,1219,1233,1210
1298,2017-10-02,1262,1228,1265,1228
1299,2017-10-03,1256,1262,1276,1248
1300,2017-10-04,1233,1256,1256,1221
1301,2017-10-05,1244,1233,1251,1231
1302,2017-10-06,1252,1244,1252,1241
1303,2017-10-07,1270,1252,1271,1249
1304,2017-10-08,1290,1270,1308,1270
1305,2017-10-09,1336,1290,1344,1290
1306,2017-10-10,1320,1336,1339,1283
1307,2017-10-11,1312,1320,1334,1312
1308,2017-10-12,1371,1312,1372,1309
1309,2017-10-13,1417,1371,1427,1351
1310,2017-10-14,1449,1417,1467,1409
1311,2017-10-15,1507,1449,1508,1432
1312,2017-10-16,1544,1507,1595,1443
1313,2017-10-17,1537,1544,1592,1492
1314,2017-10-18,1555,1537,1556,1518
1315,2017-10-19,1565,1555,1573,1526
1316,2017-10-20,1645,1565,1656,1565
1317,2017-10-21,1696,1645,1754,1642
1318,2017-10-22,1749,1696,1765,1691
1319,2017-10-23,1775,1749,1840,1749
1320,2017-10-24,1635,1775,1800,1588
1321,2017-10-25,1775,1635,1785,1625
1322,2017-10-26,1748,1775,1794,1741
1323,2017-10-27,1666,1748,1748,1653
1324,2017-10-28,1745,1666,1754,1658
1325,2017-10-29,1797,1745,1824,1745
1326,2017-10-30,1914,1797,1919,1796
1327,2017-10-31,1984,1914,1994,1910
1328,2017-11-01,2075,1984,2075,1965
1329,2017-11-02,2115,2075,2116,2002
1330,2017-11-03,2197,2115,2290,2063
1331,2017-11-04,2349,2197,2357,2175
1332,2017-11-05,2582,2349,2594,2311
1333,2017-11-06,2461,2582,2792,2299
1334,2017-11-07,2233,2461,2640,2068
1335,2017-11-08,2235,2233,2251,1909
1336,2017-11-09,2196,2235,2321,2136
1337,2017-11-10,2316,2196,2340,2158
1338,2017-11-11,2171,2316,2330,2153
1339,2017-11-12,2403,2171,2415,2163
1340,2017-11-13,2478,2403,2490,2362
1341,2017-11-14,2476,2478,2525,2419
1342,2017-11-15,2527,2476,2594,2449
1343,2017-11-16,2606,2527,2608,2495
1344,2017-11-17,2856,2606,2912,2583
1345,2017-11-18,2901,2856,2968,2743
1346,2017-11-19,2738,2901,2912,2626
1347,2017-11-20,2827,2738,2865,2713
1348,2017-11-21,2847,2827,2875,2795
1349,2017-11-22,2911,2847,2944,2822
1350,2017-11-23,3008,2911,3026,2895
1351,2017-11-24,2698,3008,3042,2526
1352,2017-11-25,2781,2698,2803,2697
1353,2017-11-26,2519,2781,2829,2386
1354,2017-11-27,2439,2519,2523,2186
1355,2017-11-28,2521,2439,2560,2434
1356,2017-11-29,2681,2521,2708,2511
1357,2017-11-30,2612,2681,2681,2523
1358,2017-12-01,2668,2612,2692,2556
1359,2017-12-02,2806,2668,2823,2637
1360,2017-12-03,2703,2806,2829,2662
1361,2017-12-04,2764,2703,2784,2644
1362,2017-12-05,2741,2764,2781,2727
1363,2017-12-06,2599,2741,2765,2557
1364,2017-12-07,2631,2599,2697,2531
1365,2017-12-08,2514,2631,2634,2388
1366,2017-12-09,2557,2514,2598,2333
1367,2017-12-10,2592,2557,2620,2499
1368,2017-12-11,2548,2592,2621,2531
1369,2017-12-12,2480,2548,2582,2472
1370,2017-12-13,2425,2480,2548,2397
1371,2017-12-14,2514,2425,2552,2411
1372,2017-12-15,2641,2514,2649,2511
1373,2017-12-16,2589,2641,2660,2584
1374,2017-12-17,2635,2589,2649,2561
1375,2017-12-18,2599,2635,2639,2592
1376,2017-12-19,2515,2599,2604,2483
1377,2017-12-20,2587,2515,2589,2507
1378,2017-12-21,2525,2587,2591,2511
1379,2017-12-22,2353,2525,2542,2315
1380,2017-12-23,2293,2353,2429,2273
1381,2017-12-24,2438,2293,2449,2293
1382,2017-12-25,2338,2438,2438,2328
1383,2017-12-26,2110,2338,2373,2106
1384,2017-12-27,2046,2110,2152,1972
1385,2017-12-28,1987,2046,2056,1837
1386,2017-12-29,2190,1987,2247,1987
1387,2017-12-30,2355,2190,2408,2178
1388,2017-12-31,2350,2355,2414,2259
1389,2018-01-01,2741,2350,2947,2333
1390,2018-01-02,2739,2741,2815,2640
1391,2018-01-03,2832,2739,2876,2726
1392,2018-01-04,2773,2832,2837,2671
1393,2018-01-05,2769,2773,2814,2721
1394,2018-01-06,2541,2769,2797,2486
1395,2018-01-07,2571,2541,2578,2434
1396,2018-01-08,2700,2571,2750,2555
1397,2018-01-09,2720,2700,2834,2683
1398,2018-01-10,2715,2720,2781,2694
1399,2018-01-11,2719,2715,2754,2616
1400,2018-01-12,2868,2719,2903,2707
1401,2018-01-13,2740,2868,2926,2671
1402,2018-01-14,2741,2740,2766,2682
1403,2018-01-15,2812,2741,2825,2732
1404,2018-01-16,3124,2812,3168,2798
1405,2018-01-17,3255,3124,3361,3105
1406,2018-01-18,3275,3255,3326,3191
1407,2018-01-19,3475,3275,3477,3259
1408,2018-01-20,3417,3475,3526,3377
1409,2018-01-21,3365,3417,3443,3281
1410,2018-01-22,3452,3365,3475,3358
1411,2018-01-23,3706,3452,3742,3452
1412,2018-01-24,4105,3706,4163,3702
1413,2018-01-25,4037,4105,4226,3891
1414,2018-01-26,4463,4037,4484,4037
1415,2018-01-27,4119,4463,4471,3893
1416,2018-01-28,4323,4119,4441,3986
1417,2018-01-29,4312,4323,4523,4226
1418,2018-01-30,4181,4312,4408,4041
1419,2018-01-31,4140,4181,4236,4034
1420,2018-02-01,4111,4140,4219,4102
1421,2018-02-02,3912,4111,4143,3885
1422,2018-02-03,4163,3912,4198,3688
1423,2018-02-04,4179,4163,4300,4131
1424,2018-02-05,4397,4179,4421,4166
1425,2018-02-06,4360,4397,4497,4321
1426,2018-02-07,4382,4360,4440,4310
1427,2018-02-08,4341,4382,4417,4341
1428,2018-02-09,4443,4341,4456,4240
1429,2018-02-10,4665,4443,4704,4401
1430,2018-02-11,4677,4665,4708,4546
1431,2018-02-12,4784,4677,4809,4655
1432,2018-02-13,4865,4784,5014,4727
1433,2018-02-14,4673,4865,4903,4530
1434,2018-02-15,4594,4673,4750,4482
1435,2018-02-16,4161,4594,4595,4038
1436,2018-02-17,4518,4161,4530,4112
1437,2018-02-18,4544,4518,4667,4518
1438,2018-02-19,4629,4544,4692,4507
1439,2018-02-20,4281,4629,4699,4152
1440,2018-02-21,4195,4281,4395,4162
1441,2018-02-22,4308,4195,4335,3977
1442,2018-02-23,4296,4308,4311,4109
1443,2018-02-24,3945,4296,4369,3945
1444,2018-02-25,3818,3945,4054,3767
1445,2018-02-26,3359,3818,3897,3210
1446,2018-02-27,3773,3359,3807,2952
1447,2018-02-28,3609,3773,3875,3552
1448,2018-03-01,3765,3609,3804,3485
1449,2018-03-02,3977,3765,4081,3754
1450,2018-03-03,3864,3977,4027,3848
1451,2018-03-04,3828,3864,4022,3814
1452,2018-03-05,3691,3828,3891,3585
1453,2018-03-06,3613,3691,3749,3520
1454,2018-03-07,3773,3613,3811,3613
1455,2018-03-08,3754,3773,3776,3628
1456,2018-03-09,3921,3754,3971,3753
1457,2018-03-10,3940,3921,3969,3866
1458,2018-03-11,4221,3940,4229,3931
1459,2018-03-12,4063,4221,4279,4028
1460,2018-03-13,4208,4063,4228,4036
1461,2018-03-14,4301,4208,4367,4206
1462,2018-03-15,4415,4301,4432,4262
1463,2018-03-16,4425,4415,4463,4377
1464,2018-03-17,4308,4425,4427,4247
1465,2018-03-18,4187,4308,4346,4180
1466,2018-03-19,4326,4187,4356,4151
1467,2018-03-20,4371,4326,4418,4317
1468,2018-03-21,4447,4371,4462,4331
1469,2018-03-22,4625,4447,4626,4420
1470,2018-03-23,4790,4625,4871,4555
1471,2018-03-24,4742,4790,4910,4727
1472,2018-03-25,4859,4742,4883,4731
1473,2018-03-26,5729,4859,5857,4844
1474,2018-03-27,5667,5729,5814,5433
1475,2018-03-28,5780,5667,5845,5571
1476,2018-03-29,5608,5780,5797,5440
1477,2018-03-30,5644,5608,5790,5570
1478,2018-03-31,5496,5644,5686,5462
1479,2018-04-01,5628,5496,5640,5110
1480,2018-04-02,5687,5628,5736,5545
1481,2018-04-03,6099,5687,6113,5612
1482,2018-04-04,5950,6099,6184,5887
1483,2018-04-05,5970,5950,6032,5734
1484,2018-04-06,5650,5970,6051,5565
1485,2018-04-07,5551,5650,5770,5375
1486,2018-04-08,5777,5551,5785,5431
1487,2018-04-09,5924,5777,5996,5696
1488,2018-04-10,5738,5924,5927,5692
1489,2018-04-11,5742,5738,5807,5668
1490,2018-04-12,6152,5742,6307,5734
1491,2018-04-13,6131,6152,6219,6027
1492,2018-04-14,6425,6131,6459,6090
1493,2018-04-15,6880,6425,6923,6358
1494,2018-04-16,7200,6880,7356,6799
1495,2018-04-17,7211,7200,7455,6995
1496,2018-04-18,7377,7211,7504,7101
1497,2018-04-19,7232,7377,7602,7203
1498,2018-04-20,7124,7232,7424,6933
1499,2018-04-21,7357,7124,7378,6979
1500,2018-04-22,7343,7357,7880,7096
1501,2018-04-23,7251,7343,7440,7059
1502,2018-04-24,6774,7251,7306,6423
1503,2018-04-25,6076,6774,6807,6063
1504,2018-04-26,5970,6076,6467,5508
1505,2018-04-27,6667,5970,6771,5950
1506,2018-04-28,6868,6667,6911,6443
1507,2018-04-29,7260,6868,7337,6799
1508,2018-04-30,7925,7260,7999,7173
1509,2018-05-01,7599,7925,7985,7461
1510,2018-05-02,7788,7599,7849,7547
1511,2018-05-03,7955,7788,8102,7679
1512,2018-05-04,7880,7955,8287,7819
1513,2018-05-05,8151,7880,8363,7829
1514,2018-05-06,8209,8151,8295,8096
1515,2018-05-07,8095,8209,8265,7893
1516,2018-05-08,8191,8095,8334,8026
1517,2018-05-09,8852,8191,8910,8191
1518,2018-05-10,9574,8852,9683,8835
1519,2018-05-11,9714,9574,9744,9383
1520,2018-05-12,10296,9714,10359,9691
1521,2018-05-13,10543,10296,11378,9291
1522,2018-05-14,9707,10543,10682,9022
1523,2018-05-15,10924,9707,11083,9422
1524,2018-05-16,10974,10924,11157,10706
1525,2018-05-17,11383,10974,11832,10496
1526,2018-05-18,11598,11383,11663,10876
1527,2018-05-19,12231,11598,12274,11474
1528,2018-05-20,13735,12231,14098,12153
1529,2018-05-21,16404,13735,17154,13732
1530,2018-05-22,15733,16404,16591,13964
1531,2018-05-23,13153,15733,15860,13153
1532,2018-05-24,16300,13153,16588,13153
1533,2018-05-25,16375,16300,17383,16032
1534,2018-05-26,16679,16375,17616,16260
1535,2018-05-27,16247,16679,17336,15800
1536,2018-05-28,17222,16247,17584,16153
1537,2018-05-29,17437,17222,17873,17000
1538,2018-05-30,19167,17437,19522,17437
1539,2018-05-31,18641,19167,19784,18095
1540,2018-06-01,18985,18641,19228,18330
1541,2018-06-02,16863,18985,18985,15578
1542,2018-06-03,16926,16863,17823,15684
1543,2018-06-04,14183,16926,17302,13078
1544,2018-06-05,14695,14183,14977,10835
1545,2018-06-06,14104,14695,15705,13484
1546,2018-06-07,13388,14104,14490,12509
1547,2018-06-08,14653,13388,14671,13197
1548,2018-06-09,15847,14653,16080,14554
1549,2018-06-10,14363,15847,16477,13936
1550,2018-06-11,14868,14363,14998,13499
1551,2018-06-12,13644,14868,15077,13407
1552,2018-06-13,13063,13644,13827,12183
1553,2018-06-14,13440,13063,14214,12588
1554,2018-06-15,13338,13440,13893,12860
1555,2018-06-16,14882,13338,15217,12956
1556,2018-06-17,15105,14882,15395,14589
1557,2018-06-18,14954,15105,15195,14226
1558,2018-06-19,16577,14954,17119,14817
1559,2018-06-20,16736,16577,17212,16255
1560,2018-06-21,15633,16736,16862,15547
1561,2018-06-22,15243,15633,15945,13958
1562,2018-06-23,14123,15243,15361,13969
1563,2018-06-24,13270,14123,14943,13162
1564,2018-06-25,13634,13270,14199,12846
1565,2018-06-26,14166,13634,14263,13364
1566,2018-06-27,14218,14166,14537,14014
1567,2018-06-28,13520,14218,14246,13052
1568,2018-06-29,12916,13520,14308,12763
1569,2018-06-30,10871,12916,13212,10064
1570,2018-07-01,11341,10871,11765,9200
1571,2018-07-02,11138,11341,12046,10664
1572,2018-07-03,11743,11138,11956,11023
1573,2018-07-04,12487,11743,13008,11597
1574,2018-07-05,11509,12487,12487,11097
1575,2018-07-06,10873,11509,11869,10051
1576,2018-07-07,10831,10873,11359,9973
1577,2018-07-08,11630,10831,11711,10498
1578,2018-07-09,11525,11630,11630,10890
1579,2018-07-10,11006,11525,11541,10322
1580,2018-07-11,11453,11006,11575,10856
1581,2018-07-12,11413,11453,11943,11304
1582,2018-07-13,10918,11413,11481,10806
1583,2018-07-14,9915,10918,11064,9628
1584,2018-07-15,9971,9915,10335,9689
1585,2018-07-16,8716,9971,10170,8564
1586,2018-07-17,8286,8716,9096,7696
1587,2018-07-18,9193,8286,9472,8193
1588,2018-07-19,8137,9193,9364,7860
1589,2018-07-20,6333,8137,8347,6198
1590,2018-07-21,7271,6333,7958,5948
1591,2018-07-22,7988,7271,8583,7208
1592,2018-07-23,8087,7988,8622,7809
1593,2018-07-24,8931,8087,9006,7755
1594,2018-07-25,8046,8931,9071,8031
1595,2018-07-26,8479,8046,8567,7846
1596,2018-07-27,8767,8479,8978,8363
1597,2018-07-28,8694,8767,8773,8371
1598,2018-07-29,9660,8694,9723,8694
1599,2018-07-30,10111,9660,10294,9497
1600,2018-07-31,10475,10111,10497,9719
1601,2018-08-01,10856,10475,11280,10473
1602,2018-08-02,10538,10856,10964,10157
1603,2018-08-03,11417,10538,11498,10406
1604,2018-08-04,10929,11417,11768,10872
1605,2018-08-05,10728,10929,11181,10245
1606,2018-08-06,9810,10728,10914,9593
1607,2018-08-07,10413,9810,10455,9706
1608,2018-08-08,9586,10413,10510,9382
1609,2018-08-09,9628,9586,9859,9305
1610,2018-08-10,10273,9628,10444,9387
1611,2018-08-11,10904,10273,10954,10227
1612,2018-08-12,10353,10904,11045,10223
1613,2018-08-13,11101,10353,11166,10330
1614,2018-08-14,11306,11101,11352,10785
1615,2018-08-15,11172,11306,11499,11128
1616,2018-08-16,11559,11172,11575,11068
1617,2018-08-17,11247,11559,11661,11183
1618,2018-08-18,10736,11247,11324,10585
1619,2018-08-19,9553,10736,10811,9469
1620,2018-08-20,8981,9553,10102,8898
1621,2018-08-21,9252,8981,9414,8371
1622,2018-08-22,8681,9252,9506,8475
1623,2018-08-23,9434,8681,9731,8589
1624,2018-08-24,9048,9434,9886,8779
1625,2018-08-25,9261,9048,9475,8861
1626,2018-08-26,7896,9261,9261,7761
1627,2018-08-27,8040,7896,8414,7677
1628,2018-08-28,8207,8040,8600,8036
1629,2018-08-29,7668,8207,8343,7560
1630,2018-08-30,8190,7668,8435,7336
1631,2018-08-31,8598,8190,8703,8131
1632,2018-09-01,9029,8598,9051,8325
1633,2018-09-02,9024,9029,9160,8766
1634,2018-09-03,8412,9024,9046,8348
1635,2018-09-04,8882,8412,8971,8297
1636,2018-09-05,8549,8882,9001,8463
1637,2018-09-06,8430,8549,8661,8371
1638,2018-09-07,7855,8430,8477,7827
1639,2018-09-08,7864,7855,8131,7745
1640,2018-09-09,7867,7864,8097,7815
1641,2018-09-10,6862,7867,7869,6687
1642,2018-09-11,6971,6862,7267,6594
1643,2018-09-12,6927,6971,7214,6797
1644,2018-09-13,6987,6927,7024,6444
1645,2018-09-14,7183,6987,7195,6855
1646,2018-09-15,7296,7183,7507,7183
1647,2018-09-16,6770,7296,7386,6584
1648,2018-09-17,6767,6770,6919,6631
1649,2018-09-18,6855,6767,6893,6514
1650,2018-09-19,6965,6855,7051,6784
1651,2018-09-20,7126,6965,7160,6898
1652,2018-09-21,6790,7126,7171,6617
1653,2018-09-22,6825,6790,6879,6660
1654,2018-09-23,6942,6825,6965,6808
1655,2018-09-24,7824,6942,8056,6767
1656,2018-09-25,8041,7824,8219,7768
1657,2018-09-26,8084,8041,8175,7883
1658,2018-09-27,8161,8084,8408,8061
1659,2018-09-28,8031,8161,8163,7910
1660,2018-09-29,7938,8031,8152,7835
1661,2018-09-30,8189,7938,8254,7887
1662,2018-10-01,8334,8189,8381,8105
1663,2018-10-02,8867,8334,8931,8222
1664,2018-10-03,8831,8867,9022,8616
1665,2018-10-04,8869,8831,9010,8762
1666,2018-10-05,9192,8869,9221,8819
1667,2018-10-06,9374,9192,9747,9192
1668,2018-10-07,8808,9374,9515,8663
1669,2018-10-08,9154,8808,9304,8661
1670,2018-10-09,9145,9154,9373,8874
1671,2018-10-10,9445,9145,9537,9086
1672,2018-10-11,9269,9445,9473,9183
1673,2018-10-12,8950,9269,9345,8884
1674,2018-10-13,9030,8950,9135,8843
1675,2018-10-14,9229,9030,9263,9026
1676,2018-10-15,9573,9229,9791,9163
1677,2018-10-16,9818,9573,9856,9573
1678,2018-10-17,9846,9818,9955,9701
1679,2018-10-18,9327,9846,9870,9230
1680,2018-10-19,9425,9327,9455,9189
1681,2018-10-20,9040,9425,9427,9004
1682,2018-10-21,9328,9040,9361,8976
1683,2018-10-22,8921,9328,9384,8875
1684,2018-10-23,8409,8921,9003,8351
1685,2018-10-24,8443,8409,8643,8221
1686,2018-10-25,8399,8443,8759,8344
1687,2018-10-26,8712,8399,8879,8297
1688,2018-10-27,8160,8712,8836,8111
1689,2018-10-28,8361,8160,8459,8147
1690,2018-10-29,7997,8361,8374,7932
1691,2018-10-30,8238,7997,8274,7973
1692,2018-10-31,8251,8238,8393,8155
1693,2018-11-01,8494,8251,8583,8231
1694,2018-11-02,8325,8494,8567,8261
1695,2018-11-03,7952,8325,8345,7867
1696,2018-11-04,7615,7952,7952,7443
1697,2018-11-05,7600,7615,7722,7273
1698,2018-11-06,7437,7600,7652,7336
1699,2018-11-07,7297,7437,7618,7227
1700,2018-11-08,7384,7297,7432,7252
1701,2018-11-09,7119,7384,7387,7044
1702,2018-11-10,7492,7119,7563,7052
1703,2018-11-11,7364,7492,7542,7283
1704,2018-11-12,7491,7541,7615,7362
1705,2018-11-13,7519,7495,7600,7394
1706,2018-11-14,7631,7517,7697,7451
1707,2018-11-15,7717,7639,7775,7601
1708,2018-11-16,7506,7707,7761,7452
1709,2018-11-17,7625,7506,7672,7362
1710,2018-11-18,7659,7618,7695,7486
1711,2018-11-19,7685,7659,7748,7631
1712,2018-11-20,7619,7685,7698,7541
1713,2018-11-21,7496,7619,7679,7469
1714,2018-11-22,6771,7496,7497,6646
1715,2018-11-23,6781,6681,6799,6674
1716,2018-11-24,6526,6871,6908,6466
1717,2018-11-25,6322,6526,6600,6155
1718,2018-11-26,6602,6297,6672,6271
1719,2018-11-27,6398,6633,6643,6397
1720,2018-11-28,6530,6398,6545,6330
1721,2018-11-29,6483,6492,6556,6432
1722,2018-11-30,6712,6443,6773,6383
1723,2018-12-01,6732,6707,6809,6670
1724,2018-12-02,6737,6736,6807,6570
1725,2018-12-03,6730,6761,6788,6683
1726,2018-12-04,6100,6730,6730,5988
1727,2018-12-05,6199,6042,6314,6020
1728,2018-12-06,6143,6199,6258,5797
1729,2018-12-07,6245,6147,6322,6091
1730,2018-12-08,6149,6238,6268,6102
1731,2018-12-09,6141,6154,6161,6005
1732,2018-12-10,5955,6144,6186,5914
1733,2018-12-11,6190,5953,6227,5810
1734,2018-12-12,6344,6186,6450,6138
1735,2018-12-13,6374,6394,6446,6259
1736,2018-12-14,6630,6374,6683,6270
1737,2018-12-15,6483,6615,6679,6472
1738,2018-12-16,6590,6512,6789,6416
1739,2018-12-17,6539,6591,6700,6461
1740,2018-12-18,6597,6533,6639,6444
1741,2018-12-19,6571,6581,6622,6502
1742,2018-12-20,6745,6571,6801,6571
1743,2018-12-21,6695,6745,6799,6668
1744,2018-12-22,6365,6695,6702,6327
1745,2018-12-23,6361,6297,6401,6272
1746,2018-12-24,6145,6375,6376,6127
1747,2018-12-25,6216,6245,6336,6127
1748,2018-12-26,6255,6255,6324,6183
1749,2018-12-27,6367,6255,6399,6231
1750,2018-12-28,6672,6357,6710,6336
1751,2018-12-29,7316,6728,7380,6659
1752,2018-12-30,7360,7317,7582,7246
1753,2018-12-31,7485,7360,7558,7283
1754,2019-01-01,7358,7485,7698,7282
1755,2019-01-02,7425,7338,7457,7216
1756,2019-01-03,7412,7425,7572,7342
1757,2019-01-04,7731,7401,7806,7375
1758,2019-01-05,8326,7731,8360,7696
1759,2019-01-06,8272,8321,8487,8057
1760,2019-01-07,7926,8270,8314,7915
1761,2019-01-08,8255,7934,8278,7802
1762,2019-01-09,8185,8183,8234,8064
1763,2019-01-10,8202,8185,8293,8120
1764,2019-01-11,8167,8216,8275,7863
1765,2019-01-12,7701,8167,8199,7667
1766,2019-01-13,7589,7733,7752,7441
1767,2019-01-14,7548,7590,7699,7461
1768,2019-01-15,7424,7528,7534,7272
1769,2019-01-16,7397,7424,7502,7360
1770,2019-01-17,7412,7396,7414,7387
1771,2019-01-18,7403,7412,7418,7402
1772,2019-01-19,6749,7403,7413,6679
1773,2019-01-20,6461,6722,6751,6397
1774,2019-01-21,6483,6461,6484,6456
1775,2019-01-22,6093,6483,6495,6009
1776,2019-01-23,6392,6102,6474,5983
1777,2019-01-24,6339,6393,6451,6148
1778,2019-01-25,6261,6339,6533,6151
1779,2019-01-26,6124,6257,6286,5885
1780,2019-01-27,6333,6187,6588,6181
1781,2019-01-28,6274,6333,6468,6211
1782,2019-01-29,6567,6278,6573,6260
1783,2019-01-30,6397,6560,6617,6301
1784,2019-01-31,6517,6392,6540,6303
1785,2019-02-01,6300,6517,6524,6281
1786,2019-02-02,6471,6253,6495,6241
1787,2019-02-03,6356,6471,6883,6251
1788,2019-02-04,6504,6361,6560,6348
1789,2019-02-05,6676,6526,6712,6457
1790,2019-02-06,6726,6684,6782,6658
1791,2019-02-07,6690,6726,6777,6571
1792,2019-02-08,6757,6703,6769,6647
1793,2019-02-09,7085,6754,7127,6740
1794,2019-02-10,7060,7080,7134,6924
1795,2019-02-11,6939,7041,7064,6806
1796,2019-02-12,7029,6939,7090,6878
1797,2019-02-13,7199,7029,7274,7003
1798,2019-02-14,7283,7199,7340,7131
1799,2019-02-15,7261,7283,7336,7199
1800,2019-02-16,7362,7264,7418,7241
1801,2019-02-17,6914,7360,7400,6861
1802,2019-02-18,6472,6914,6928,6302
1803,2019-02-19,6401,6516,6540,6319
1804,2019-02-20,6182,6401,6480,6121
1805,2019-02-21,6254,6184,6448,6145
1806,2019-02-22,6276,6254,6380,6227
1807,2019-02-23,6276,6276,6279,6271
1808,2019-02-24,6278,6276,6279,6271
1809,2019-02-25,6284,6278,6285,6278
1810,2019-02-26,6286,6284,6288,6280
1811,2019-02-27,6281,6285,6287,6280
1812,2019-02-28,6282,6281,6283,6278
1813,2019-03-01,6274,6282,6283,6272
1814,2019-03-02,6279,6274,6281,6272
1815,2019-03-03,6283,6278,6292,6266
1816,2019-03-04,6289,6389,6533,6277
1817,2019-03-05,6318,6289,6328,6287
1818,2019-03-06,6294,6318,6320,6293
1819,2019-03-07,6290,6294,6295,6288
1820,2019-03-08,6467,6290,6663,6287
1821,2019-03-09,6392,6467,6481,6332
1822,2019-03-10,6510,6392,6560,6390
1823,2019-03-11,6699,6510,6738,6436
1824,2019-03-12,6503,6699,6800,6488
1825,2019-03-13,6577,6503,6634,6469
1826,2019-03-14,6648,6577,6665,6538
1827,2019-03-15,6604,6648,6660,6511
1828,2019-03-16,6577,6540,6586,6533
1829,2019-03-17,6482,6578,6579,6434
1830,2019-03-18,6595,6507,6643,6502
1831,2019-03-19,6631,6595,6681,6555
1832,2019-03-20,6596,6635,6645,6572
1833,2019-03-21,6592,6596,6638,6548
1834,2019-03-22,6663,6615,6697,6592
1835,2019-03-23,6664,6663,6677,6602
1836,2019-03-24,6620,6664,6664,6547
1837,2019-03-25,6286,6629,6629,6222
1838,2019-03-26,6310,6286,6351,6208
1839,2019-03-27,6332,6310,6337,6272
1840,2019-03-28,6362,6330,6409,6320
1841,2019-03-29,6722,6342,7587,6307
1842,2019-03-30,6725,6724,6898,6680
1843,2019-03-31,6445,6725,6803,6433
1844,2019-04-01,6375,6451,6487,6336
1845,2019-04-02,6373,6375,6408,6340
1846,2019-04-03,6408,6361,6439,6343
1847,2019-04-04,6413,6407,6473,6399
1848,2019-04-05,6397,6413,6438,6363
1849,2019-04-06,6397,6406,6435,6353
1850,2019-04-07,6408,6403,6461,6384
1851,2019-04-08,6406,6413,6422,6359
1852,2019-04-09,6393,6406,6449,6371
1853,2019-04-10,6437,6393,6443,6390
1854,2019-04-11,6430,6442,6443,6409
1855,2019-04-12,6267,6431,6440,6212
1856,2019-04-13,6277,6266,6314,6248
1857,2019-04-14,6322,6277,6395,6208
1858,2019-04-15,6342,6323,6377,6297
1859,2019-04-16,6361,6341,6410,6337
1860,2019-04-17,6345,6361,6372,6293
1861,2019-04-18,6406,6345,6474,6319
1862,2019-04-19,6397,6406,6441,6375
1863,2019-04-20,6426,6405,6450,6378
1864,2019-04-21,6515,6427,6554,6425
1865,2019-04-22,6413,6519,6531,6401
1866,2019-04-23,6344,6413,6434,6310
1867,2019-04-24,6366,6339,6397,6336
1868,2019-04-25,6328,6361,6381,6293
1869,2019-04-26,6328,6371,6392,6306
1870,2019-04-27,6283,6328,6332,6246
1871,2019-04-28,5525,6282,6296,5391
1872,2019-04-29,5512,5525,5693,5245
1873,2019-04-30,5449,5574,5609,5424
1874,2019-05-01,5498,5514,5565,5467
1875,2019-05-02,5554,5498,5639,5496
1876,2019-05-03,4801,5554,5611,4709
1877,2019-05-04,4247,4745,4889,4077
1878,2019-05-05,4479,4365,4632,4251
1879,2019-05-06,4406,4477,4592,4355
1880,2019-05-07,4330,4406,4406,4120
1881,2019-05-08,3729,4330,4379,3669
1882,2019-05-09,3952,3789,4102,3448
1883,2019-05-10,3641,3952,4065,3531
1884,2019-05-11,3793,3641,3831,3560
1885,2019-05-12,4175,3793,4342,3753
1886,2019-05-13,4219,4221,4401,4083
1887,2019-05-14,3953,4242,4300,3879
1888,2019-05-15,4179,3954,4252,3905
1889,2019-05-16,4119,4139,4256,4039
1890,2019-05-17,3848,4093,4105,3756
1891,2019-05-18,3890,3848,4035,3725
1892,2019-05-19,3714,3890,3914,3676
1893,2019-05-20,3579,3697,3839,3548
1894,2019-05-21,3392,3579,3622,3202
1895,2019-05-22,3453,3392,3476,3252
1896,2019-05-23,3508,3453,3643,3375
1897,2019-05-24,3420,3529,3592,3356
1898,2019-05-25,3361,3410,3429,3295
1899,2019-05-26,3415,3361,3475,3325
1900,2019-05-27,3264,3428,3436,3234
1901,2019-05-28,3213,3263,3301,3139
1902,2019-05-29,3195,3213,3228,3123
1903,2019-05-30,3201,3179,3257,3177
1904,2019-05-31,3479,3200,3580,3182
1905,2019-06-01,3563,3479,3574,3430
1906,2019-06-02,3710,3665,3930,3643
1907,2019-06-03,4066,3710,4161,3663
1908,2019-06-04,3825,4066,4165,3775
1909,2019-06-05,3863,3839,3930,3792
1910,2019-06-06,3950,3863,4053,3863
1911,2019-06-07,4055,3943,4242,3943
1912,2019-06-08,3768,4031,4046,3678
1913,2019-06-09,3808,3768,3870,3683
1914,2019-06-10,3588,3810,3843,3572
1915,2019-06-11,3866,3588,3946,3559
1916,2019-06-12,3726,3889,3942,3704
1917,2019-06-13,3833,3729,3865,3690
1918,2019-06-14,3690,3690,3691,3690
1919,2019-06-15,3716,3694,3742,3645
1920,2019-06-16,3883,3716,3901,3712
1921,2019-06-17,3796,3883,3917,3761
1922,2019-06-18,3813,3782,3845,3726
1923,2019-06-19,3810,3813,3867,3776
1924,2019-06-20,4015,3798,4064,3759
1925,2019-06-21,3990,4033,4061,3527
1926,2019-06-22,3993,3990,4097,3948
1927,2019-06-23,3996,3982,4024,3966
1928,2019-06-24,3618,3996,4026,3571
1929,2019-06-25,3607,3618,3677,3573
1930,2019-06-26,3612,3610,3645,3565
1931,2019-06-27,3498,3615,3643,3481
1932,2019-06-28,3655,3498,3697,3489
1933,2019-06-29,3569,3654,3680,3545
1934,2019-06-30,3594,3569,3663,3568
1935,2019-07-01,3624,3604,3645,3547
1936,2019-07-02,3606,3624,3642,3579
1937,2019-07-03,3691,3606,3736,3603
1938,2019-07-04,3545,3681,3702,3491
1939,2019-07-05,3529,3545,3559,3497
1940,2019-07-06,3582,3529,3606,3445
1941,2019-07-07,3550,3573,3609,3522
1942,2019-07-08,3563,3556,3592,3531
1943,2019-07-09,3567,3572,3575,3523
1944,2019-07-10,3564,3567,3649,3542
1945,2019-07-11,3540,3564,3565,3482
1946,2019-07-12,3426,3531,3542,3375
1947,2019-07-13,3396,3430,3439,3347
1948,2019-07-14,3442,3396,3461,3372
1949,2019-07-15,3421,3435,3472,3395
1950,2019-07-16,3440,3413,3455,3376
1951,2019-07-17,3434,3441,3454,3410
1952,2019-07-18,3405,3434,3488,3387
1953,2019-07-19,3413,3418,3443,3394
1954,2019-07-20,3420,3413,3434,3399
1955,2019-07-21,3368,3429,3442,3345
1956,2019-07-22,3361,3366,3381,3350
1957,2019-07-23,3592,3361,3703,3344
1958,2019-07-24,3618,3622,3639,3591
1959,2019-07-25,3622,3618,3632,3578
1960,2019-07-26,3594,3622,3654,3580
1961,2019-07-27,3580,3594,3617,3547
1962,2019-07-28,3570,3590,3626,3557
1963,2019-07-29,3559,3570,3588,3537
1964,2019-07-30,3567,3556,3618,3543
1965,2019-07-31,3597,3567,3608,3565
1966,2019-08-01,3607,3597,3663,3559
1967,2019-08-02,3866,3607,3926,3599
1968,2019-08-03,3905,3870,3976,3843
1969,2019-08-04,3925,3905,3965,3862
1970,2019-08-05,3890,3925,3980,3871
1971,2019-08-06,3934,3899,3954,3890
1972,2019-08-07,4106,3934,4147,3913
1973,2019-08-08,3764,4106,4179,3698
1974,2019-08-09,3820,3764,3853,3730
1975,2019-08-10,3798,3820,3832,3763
1976,2019-08-11,3773,3797,3825,3667
1977,2019-08-12,3800,3774,3880,3754
1978,2019-08-13,3812,3800,3841,3789
1979,2019-08-14,3805,3807,3820,3760
1980,2019-08-15,3783,3808,3819,3767
1981,2019-08-16,3690,3784,3805,3664
1982,2019-08-17,3833,3702,3867,3689
1983,2019-08-18,3849,3833,3882,3803
1984,2019-08-19,3860,3849,3891,3828
1985,2019-08-20,3829,3860,3918,3779
1986,2019-08-21,3899,3842,3949,3833
1987,2019-08-22,3900,3917,3922,3866
1988,2019-08-23,3852,3900,3914,3820
1989,2019-08-24,3867,3852,3880,3796
1990,2019-08-25,3847,3867,3874,3824
1991,2019-08-26,3856,3847,3898,3793
1992,2019-08-27,3893,3856,3909,3844
1993,2019-08-28,3986,3893,4034,3892
1994,2019-08-29,3971,3990,3993,3932
1995,2019-08-30,3975,3971,4021,3932
1996,2019-08-31,3997,3971,4021,3950
1997,2019-09-01,4028,3997,4035,3965
1998,2019-09-02,3975,4027,4054,3905
1999,2019-09-03,3988,3975,4003,3958
2000,2019-09-04,3978,3978,4007,3962
2001,2019-09-05,3969,3978,3991,3941
2002,2019-09-06,3914,3973,3983,3904
2003,2019-09-07,3916,3914,3929,3877
2004,2019-09-08,4019,3926,4031,3915
2005,2019-09-09,4009,4019,4034,3991
2006,2019-09-10,4081,4009,4101,4007
2007,2019-09-11,4082,4091,4129,4031
2008,2019-09-12,4095,4082,4105,4074
2009,2019-09-13,4136,4095,4149,4053
2010,2019-09-14,4819,4136,4962,4133
2011,2019-09-15,5103,4819,5326,4811
2012,2019-09-16,4876,4967,5072,4788
2013,2019-09-17,5031,4876,5061,4876
2014,2019-09-18,5029,5033,5230,4935
2015,2019-09-19,5199,5029,5248,5020
2016,2019-09-20,5261,5193,5344,5089
2017,2019-09-21,5180,5261,5286,5118
2018,2019-09-22,5284,5180,5451,5171
2019,2019-09-23,5050,5321,5343,4955
2020,2019-09-24,5078,5043,5099,4895
2021,2019-09-25,5067,5078,5118,5022
2022,2019-09-26,5159,5067,5168,5015
2023,2019-09-27,5046,5146,5182,4958
2024,2019-09-28,5185,5036,5219,5020
2025,2019-09-29,5221,5185,5254,5168
2026,2019-09-30,5277,5219,5311,5215
2027,2019-10-01,5267,5280,5346,5213
2028,2019-10-02,5293,5267,5354,5260
2029,2019-10-03,5277,5293,5331,5196
2030,2019-10-04,5399,5283,5409,5240
2031,2019-10-05,5553,5399,5623,5360
2032,2019-10-06,5433,5553,5615,5374
2033,2019-10-07,5133,5433,5506,5056
2034,2019-10-08,5152,5132,5275,5054
2035,2019-10-09,5201,5152,5219,5089
2036,2019-10-10,5153,5201,5209,5119
2037,2019-10-11,5152,5157,5193,5084
2038,2019-10-12,5278,5156,5293,5131
2039,2019-10-13,5298,5278,5352,5260
2040,2019-10-14,5406,5324,5428,5311
2041,2019-10-15,5698,5406,5792,5379
2042,2019-10-16,5813,5691,5830,5530
2043,2019-10-17,5714,5788,5788,5635
2044,2019-10-18,5707,5714,5751,5563
2045,2019-10-19,5900,5688,5957,5688
2046,2019-10-20,5933,5760,5943,5709
2047,2019-10-21,6160,5933,6160,5846
2048,2019-10-22,6388,6160,6427,6099
2049,2019-10-23,7255,6348,7338,6347
2050,2019-10-24,6993,7242,7578,6759
2051,2019-10-25,7907,6993,8149,6861
2052,2019-10-26,7929,7907,8354,7643
2053,2019-10-27,8178,7990,8261,7845
2054,2019-10-28,7821,8178,8361,7684
2055,2019-10-29,7244,7821,7936,6901
2056,2019-10-30,7296,7362,7491,7219
2057,2019-10-31,8222,7286,8243,7268
2058,2019-11-01,7918,8222,8297,7582
2059,2019-11-02,7962,7985,8093,7812
2060,2019-11-03,7724,7962,8019,7512
2061,2019-11-04,7904,7724,7974,7479
2062,2019-11-05,8039,7872,8172,7793
2063,2019-11-06,8090,7991,8131,7936
2064,2019-11-07,8654,8091,8781,7890
2065,2019-11-08,8801,8654,8938,8622
2066,2019-11-09,8720,8777,8820,8556
2067,2019-11-10,8673,8722,8757,8431
2068,2019-11-11,8288,8666,9085,8026
2069,2019-11-12,8514,8286,8545,8121
2070,2019-11-13,8589,8515,8623,8456
2071,2019-11-14,8745,8590,8831,8524
2072,2019-11-15,8475,8745,8766,8343
2073,2019-11-16,7646,8109,8109,7454
2074,2019-11-17,7791,7645,7923,7587
2075,2019-11-18,7731,7795,7921,7460
2076,2019-11-19,8031,7731,8135,7724
2077,2019-11-20,7950,8031,8075,7791
2078,2019-11-21,7601,7931,7965,7526
2079,2019-11-22,7955,7601,8065,7531
2080,2019-11-23,7904,8015,8049,7715
2081,2019-11-24,8152,7904,8250,7825
2082,2019-11-25,8257,8167,8331,8053
2083,2019-11-26,8668,8258,8695,8173
2084,2019-11-27,8837,8699,8898,8623
2085,2019-11-28,9062,8837,9382,8801
2086,2019-11-29,9347,9062,9410,8970
2087,2019-11-30,9013,9338,9358,8944
2088,2019-12-01,9260,9012,9286,8968
2089,2019-12-02,9560,9261,9600,9199
2090,2019-12-03,9907,9560,9942,9522
2091,2019-12-04,10462,10207,11191,10059
2092,2019-12-05,10844,10462,11308,10461
2093,2019-12-06,10997,10844,11105,10540
2094,2019-12-07,11666,10997,11705,10952
2095,2019-12-08,12445,11669,13880,11626
2096,2019-12-09,11087,12445,13329,10315
2097,2019-12-10,12317,11087,12403,10790
2098,2019-12-11,12025,12361,12382,11369
2099,2019-12-12,10933,12025,12188,10838
2100,2019-12-13,10455,10933,11197,9987
2101,2019-12-14,10801,10455,10934,9677
2102,2019-12-15,11943,10779,11968,10692
2103,2019-12-16,11646,11943,12045,11489
2104,2019-12-17,10947,11139,11441,10772
2105,2019-12-18,11220,10947,11736,10835
2106,2019-12-19,11423,11220,11594,11102
2107,2019-12-20,12336,11423,12355,11336
2108,2019-12-21,12576,12336,12816,12128
2109,2019-12-22,12055,12586,13176,11567
2110,2019-12-23,11325,12055,12189,11012
2111,2019-12-24,11803,11325,11920,11101
2112,2019-12-25,11280,11797,11831,10827
2113,2019-12-26,10507,11403,11464,10317
2114,2019-12-27,10935,10507,10955,9873
2115,2019-12-28,9491,10935,11076,9405
2116,2019-12-29,9734,9491,9973,9086
2117,2019-12-30,10604,9694,10741,9283
2118,2019-12-31,10467,10604,10798,10134
2119,2020-01-01,10984,10534,11036,10369
2120,2020-01-02,10552,11005,11097,10315
2121,2020-01-03,10286,10552,10686,10072
2122,2020-01-04,10028,10286,10339,9883
2123,2020-01-05,9772,9868,9917,9511
2124,2020-01-06,9898,9772,10185,9739
2125,2020-01-07,9813,9898,9925,9644
2126,2020-01-08,9441,9813,10194,9307
2127,2020-01-09,9496,9460,9604,9135
2128,2020-01-10,9507,9529,9718,9374
2129,2020-01-11,9573,9507,9720,9388
2130,2020-01-12,10006,9573,10133,9573
2131,2020-01-13,10386,10006,10475,9885
2132,2020-01-14,10514,10386,10664,10330
2133,2020-01-15,10832,10514,10910,10499
2134,2020-01-16,10986,10832,11052,10574
2135,2020-01-17,11812,10986,11941,10940
2136,2020-01-18,11311,11812,12315,11220
2137,2020-01-19,11957,11311,12130,11284
2138,2020-01-20,11818,11957,12033,11503
2139,2020-01-21,11828,11973,12028,11655
2140,2020-01-22,11279,11828,11968,11228
2141,2020-01-23,11486,11280,11546,11102
2142,2020-01-24,11392,11486,11584,11228
2143,2020-01-25,10870,11392,11435,10747
2144,2020-01-26,10212,10852,10861,10048
2145,2020-01-27,10387,10212,10445,9683
2146,2020-01-28,10389,10308,10531,9727
2147,2020-01-29,10213,10389,10464,9995
2148,2020-01-30,10336,10212,10463,10083
2149,2020-01-31,10775,10336,10813,10265
2150,2020-02-01,10819,10775,10944,10532
2151,2020-02-02,10065,10819,10819,9865
2152,2020-02-03,10162,10065,10230,9763
2153,2020-02-04,10365,10104,10451,10035
2154,2020-02-05,10172,10393,10409,9902
2155,2020-02-06,10069,10172,10293,9912
2156,2020-02-07,10313,10139,10625,10137
2157,2020-02-08,10123,10313,10403,10043
2158,2020-02-09,9744,10170,10280,9601
2159,2020-02-10,9488,9744,9748,9326
2160,2020-02-11,9591,9488,9683,9344
2161,2020-02-12,9625,9581,9700,9407
2162,2020-02-13,9781,9625,9820,9553
2163,2020-02-14,10382,9782,10441,9739
2164,2020-02-15,10692,10367,10753,10291
2165,2020-02-16,10556,10692,10811,10186
2166,2020-02-17,10577,10556,10644,10464
2167,2020-02-18,10335,10577,10929,10202
2168,2020-02-19,10496,10334,10564,10289
2169,2020-02-20,10403,10486,10596,10245
2170,2020-02-21,10333,10403,10525,10098
2171,2020-02-22,10083,10333,10381,9957
2172,2020-02-23,10153,10108,10270,9892
2173,2020-02-24,10397,10153,10460,10056
2174,2020-02-25,10300,10397,10448,10168
2175,2020-02-26,10352,10300,10426,10230
2176,2020-02-27,10303,10362,10382,10268
2177,2020-02-28,10302,10307,10374,10094
2178,2020-02-29,10232,10302,10305,10146
2179,2020-03-01,10169,10232,10264,10095
2180,2020-03-02,10224,10167,10287,9688
2181,2020-03-03,10139,10224,10290,10066
2182,2020-03-04,9985,10139,10180,9909
2183,2020-03-05,10032,9985,10084,9851
2184,2020-03-06,9720,10032,10063,9631
2185,2020-03-07,8689,9720,9771,7945
2186,2020-03-08,8439,8529,8742,8231
2187,2020-03-09,8104,8439,8463,7758
2188,2020-03-10,8196,8104,8287,7870
2189,2020-03-11,8147,8184,8322,7724
2190,2020-03-12,8086,8147,8229,7906
2191,2020-03-13,8242,8056,8332,7729
2192,2020-03-14,8334,8299,8509,8196
2193,2020-03-15,8274,8334,8389,8178
2194,2020-03-16,8204,8274,8413,8061
2195,2020-03-17,8164,8232,8241,8015
2196,2020-03-18,8138,8164,8197,8026
2197,2020-03-19,7854,8139,8172,7803
2198,2020-03-20,8237,7851,8305,7778
2199,2020-03-21,8202,8237,8317,8114
2200,2020-03-22,8573,8174,8692,8118
2201,2020-03-23,8583,8573,8655,8436
2202,2020-03-24,8321,8583,8797,8289
2203,2020-03-25,8329,8321,8407,8226
2204,2020-03-26,8283,8310,8469,8168
2205,2020-03-27,8338,8283,8386,8215
2206,2020-03-28,8163,8356,8421,8097
2207,2020-03-29,8004,8167,8185,7919
2208,2020-03-30,8059,8004,8121,7938
2209,2020-03-31,7971,8059,8122,7821
2210,2020-04-01,7944,7957,8096,7883
2211,2020-04-02,8201,7944,8307,7885
2212,2020-04-03,8201,8234,8347,8153
2213,2020-04-04,8074,8201,8310,8055
2214,2020-04-05,7421,8028,8055,7308
2215,2020-04-06,7461,7421,7504,7348
2216,2020-04-07,8592,7422,8763,7394
2217,2020-04-08,9172,8592,10333,8592
2218,2020-04-09,9579,9260,9814,9104
2219,2020-04-10,9459,9579,9931,9273
2220,2020-04-11,9456,9229,9552,9126
2221,2020-04-12,9226,9456,9469,9005
2222,2020-04-13,9132,9226,9426,8955
2223,2020-04-14,9198,9132,9292,9048
2224,2020-04-15,9291,9231,9378,9198
2225,2020-04-16,9203,9291,9363,9075
2226,2020-04-17,9370,9204,9527,9126
2227,2020-04-18,9327,9405,9467,9174
2228,2020-04-19,9336,9327,9440,9255
2229,2020-04-20,9227,9332,9365,9089
2230,2020-04-21,8795,9206,9248,8667
2231,2020-04-22,8799,8795,8882,8720
2232,2020-04-23,9082,8799,9124,8743
2233,2020-04-24,8712,9082,9097,8614
2234,2020-04-25,8761,8712,8857,8565
2235,2020-04-26,8750,8761,8838,8704
2236,2020-04-27,8657,8759,8786,8563
2237,2020-04-28,8501,8657,8764,8360
2238,2020-04-29,8470,8501,8540,8424
2239,2020-04-30,8538,8470,8625,8370
2240,2020-05-01,8206,8501,8501,8036
2241,2020-05-02,8119,8206,8206,7989
2242,2020-05-03,8075,8120,8216,8030
2243,2020-05-04,7613,8075,8119,7421
2244,2020-05-05,7263,7619,7718,6805
2245,2020-05-06,7304,7263,7355,7095
2246,2020-05-07,7042,7304,7339,6921
2247,2020-05-08,7212,6895,7369,6525
2248,2020-05-09,7142,7212,7337,7013
2249,2020-05-10,7524,7142,7661,6852
2250,2020-05-11,7391,7524,7648,7380
2251,2020-05-12,7730,7391,7857,7379
2252,2020-05-13,7543,7749,7806,7440
2253,2020-05-14,7382,7543,7565,7239
2254,2020-05-15,7334,7382,7441,7163
2255,2020-05-16,7316,7316,7408,7239
2256,2020-05-17,7214,7316,7768,7090
2257,2020-05-18,7399,7214,7489,7156
2258,2020-05-19,7512,7393,7584,7305
2259,2020-05-20,7533,7512,7620,7476
2260,2020-05-21,7551,7533,7574,7388
2261,2020-05-22,7334,7551,7653,7286
2262,2020-05-23,7240,7334,7395,7162
2263,2020-05-24,7199,7241,7270,7132
2264,2020-05-25,7191,7204,7283,7082
2265,2020-05-26,7239,7189,7298,7184
2266,2020-05-27,7088,7239,7272,7008
2267,2020-05-28,7113,7088,7199,7008
2268,2020-05-29,6884,7113,7140,6829
2269,2020-05-30,6585,6885,6934,6566
2270,2020-05-31,7425,6585,7425,6428
2271,2020-06-01,7148,7286,7368,7044
2272,2020-06-02,7140,7148,7178,7077
2273,2020-06-03,7287,7156,7329,7123
2274,2020-06-04,7237,7287,7357,7084
2275,2020-06-05,7167,7237,7499,7128
2276,2020-06-06,7236,7167,7293,7046
2277,2020-06-07,7213,7236,7278,7121
2278,2020-06-08,7184,7213,7428,7106
2279,2020-06-09,7228,7184,7252,7066
2280,2020-06-10,7312,7228,7349,7218
2281,2020-06-11,7386,7316,7521,7273
2282,2020-06-12,7252,7380,7397,7203
2283,2020-06-13,7180,7252,7299,7120
2284,2020-06-14,7175,7180,7238,7153
2285,2020-06-15,6956,7175,7191,6915
2286,2020-06-16,7292,6956,7391,6853
2287,2020-06-17,7338,7292,7391,7264
2288,2020-06-18,7348,7338,7488,7317
2289,2020-06-19,7714,7352,7750,7340
2290,2020-06-20,8040,7715,8193,7709
2291,2020-06-21,8068,8047,8464,7872
2292,2020-06-22,7809,8047,8047,7756
2293,2020-06-23,8088,7809,8137,7671
2294,2020-06-24,8079,8196,8279,8009
2295,2020-06-25,8150,8081,8189,7960
2296,2020-06-26,8117,8151,8192,8036
2297,2020-06-27,8736,8111,8849,8109
2298,2020-06-28,8844,8736,8898,8559
2299,2020-06-29,8712,8826,8856,8588
2300,2020-06-30,8926,8712,9010,8666
2301,2020-07-01,8940,8926,8972,8804
2302,2020-07-02,8639,8940,9182,8456
2303,2020-07-03,8653,8639,8740,8503
2304,2020-07-04,8709,8653,8784,8487
2305,2020-07-05,8636,8709,8798,8576
2306,2020-07-06,8385,8636,8666,8278
2307,2020-07-07,8452,8382,8513,8221
2308,2020-07-08,8348,8452,8459,8257
2309,2020-07-09,8563,8348,8598,8283
2310,2020-07-10,8882,8563,8983,8555
2311,2020-07-11,9132,8878,9177,8875
2312,2020-07-12,9321,9132,9433,9105
2313,2020-07-13,9546,9289,9634,9186
2314,2020-07-14,9389,9549,9559,9199
2315,2020-07-15,9364,9389,9452,9285
2316,2020-07-16,9386,9376,9466,9151
2317,2020-07-17,9270,9386,9604,9223
2318,2020-07-18,9178,9287,9350,9073
2319,2020-07-19,9626,9178,9746,9148
2320,2020-07-20,9682,9601,9857,9528
2321,2020-07-21,9796,9682,9873,9654
2322,2020-07-22,9928,9796,9940,9661
2323,2020-07-23,10133,9901,10176,9889
2324,2020-07-24,9839,10133,10198,9753
2325,2020-07-25,10237,9852,10352,9712
2326,2020-07-26,10365,10237,10490,10219
2327,2020-07-27,10219,10365,10517,10098
2328,2020-07-28,10368,10235,10599,10109
2329,2020-07-29,9927,10368,10398,9811
2330,2020-07-30,9877,9927,10053,9643
2331,2020-07-31,9637,9934,9967,9469
2332,2020-08-01,10190,9637,10273,9616
2333,2020-08-02,9702,10191,10291,9366
2334,2020-08-03,9632,9609,9705,9411
2335,2020-08-04,9671,9632,9771,9580
2336,2020-08-05,9690,9697,9725,9576
2337,2020-08-06,9920,9690,10009,9667
2338,2020-08-07,9641,9922,10009,9481
2339,2020-08-08,9393,9641,9680,9252
2340,2020-08-09,8788,9393,9394,8627
2341,2020-08-10,8785,8791,8978,8531
2342,2020-08-11,8779,8819,8905,8460
2343,2020-08-12,8640,8779,8807,8592
2344,2020-08-13,8549,8640,8748,8413
2345,2020-08-14,8924,8550,8978,8492
2346,2020-08-15,8792,8917,8920,8653
2347,2020-08-16,8757,8792,8853,8683
2348,2020-08-17,9079,8757,9173,8746
2349,2020-08-18,9127,9074,9192,9005
2350,2020-08-19,8926,9127,9205,8859
2351,2020-08-20,8167,8926,8926,8164
2352,2020-08-21,7876,8167,8257,7626
2353,2020-08-22,7960,7940,8160,7746
2354,2020-08-23,7956,7960,7985,7592
2355,2020-08-24,5801,7955,7978,5569
2356,2020-08-25,5673,5804,6014,3868
2357,2020-08-26,5305,5673,5810,5215
2358,2020-08-27,5356,5305,6116,5077
2359,2020-08-28,4945,5360,5440,4453
2360,2020-08-29,5466,4945,5559,4922
2361,2020-08-30,5364,5466,5467,5044
2362,2020-08-31,6302,5364,6429,5275
2363,2020-09-01,6186,6302,6943,5681
2364,2020-09-02,6188,6177,6471,5884
2365,2020-09-03,5885,6188,6432,5803
2366,2020-09-04,6456,5830,6621,5695
2367,2020-09-05,6785,6456,6864,6407
2368,2020-09-06,6707,6785,6982,6489
2369,2020-09-07,6722,6698,6797,6538
2370,2020-09-08,6683,6719,6866,6598
2371,2020-09-09,6230,6683,6689,6045
2372,2020-09-10,5923,6230,6285,5880
2373,2020-09-11,6484,5880,6616,5859
2374,2020-09-12,6447,6484,6534,6345
2375,2020-09-13,6538,6447,6606,6160
2376,2020-09-14,6851,6538,7213,6520
2377,2020-09-15,6777,6797,7050,6613
2378,2020-09-16,6856,6773,7004,6665
2379,2020-09-17,6806,6874,6909,6685
2380,2020-09-18,7279,6810,7320,6776
2381,2020-09-19,7176,7278,7465,7082
2382,2020-09-20,7368,7176,7425,7156
2383,2020-09-21,7322,7367,7400,7126
2384,2020-09-22,6867,7322,7326,6753
2385,2020-09-23,6874,6873,6950,6778
2386,2020-09-24,7044,6874,7202,6798
2387,2020-09-25,6890,7044,7051,6601
2388,2020-09-26,6888,6890,6992,6773
2389,2020-09-27,6719,6888,6943,6702
2390,2020-09-28,7167,6629,7179,6487
2391,2020-09-29,7066,7163,7201,6997
2392,2020-09-30,7278,7066,7302,7030
2393,2020-10-01,7186,7278,7293,7067
2394,2020-10-02,6857,7186,7222,6765
2395,2020-10-03,6905,6857,6955,6783
2396,2020-10-04,7119,6905,7166,6832
2397,2020-10-05,7563,7119,7726,7038
2398,2020-10-06,7498,7557,7609,7408
2399,2020-10-07,7543,7498,7703,7446
2400,2020-10-08,7625,7543,7708,7504
2401,2020-10-09,7777,7625,7799,7622
2402,2020-10-10,7762,7789,7794,7678
2403,2020-10-11,8774,7762,8974,7726
2404,2020-10-12,8768,8769,9470,8416
2405,2020-10-13,8854,8768,9074,8594
2406,2020-10-14,8964,8851,9038,8781
2407,2020-10-15,8905,9003,9224,8748
2408,2020-10-16,8888,8905,8969,8540
2409,2020-10-17,8979,8888,9113,8785
2410,2020-10-18,9372,9033,9393,8928
2411,2020-10-19,9901,9372,9959,9066
2412,2020-10-20,9918,9904,10063,9733
2413,2020-10-21,9618,9918,9958,9547
2414,2020-10-22,8787,9617,9651,8167
2415,2020-10-23,8609,8734,9177,8207
2416,2020-10-24,8816,8609,8981,8510
2417,2020-10-25,9331,8824,9417,8803
2418,2020-10-26,9758,9331,9941,9274
2419,2020-10-27,9363,9796,9849,9156
2420,2020-10-28,9419,9363,9584,9220
2421,2020-10-29,9685,9419,9880,9328
2422,2020-10-30,9724,9674,9934,9524
2423,2020-10-31,9720,9724,9900,9474
2424,2020-11-01,9541,9720,9835,9333
2425,2020-11-02,9142,9541,9572,8807
2426,2020-11-03,9193,9140,9266,8935
2427,2020-11-04,9221,9193,9312,9094
2428,2020-11-05,9049,9220,9302,8857
2429,2020-11-06,8906,9049,9052,8646
2430,2020-11-07,8836,8906,9011,8708
2431,2020-11-08,9113,8836,9225,8821
2432,2020-11-09,9508,9114,9524,9009
2433,2020-11-10,9426,9508,9622,9336
2434,2020-11-11,9689,9435,9733,9335
2435,2020-11-12,9428,9689,9699,9395
2436,2020-11-13,10269,9428,10358,9418
2437,2020-11-14,9517,10269,10293,9299
2438,2020-11-15,9668,9517,9681,9407
2439,2020-11-16,9812,9668,9876,9473
2440,2020-11-17,9660,9812,9861,9620
2441,2020-11-18,9678,9660,9737,9543
2442,2020-11-19,9738,9678,9805,9393
2443,2020-11-20,9792,9738,9804,9653
2444,2020-11-21,9787,9791,9871,9611
2445,2020-11-22,9875,9788,9980,9712
2446,2020-11-23,9261,9876,9963,9109
2447,2020-11-24,9465,9262,9559,9239
2448,2020-11-25,9459,9465,9493,9360
2449,2020-11-26,9352,9459,9482,9251
2450,2020-11-27,9442,9352,9499,8911
2451,2020-11-28,9511,9443,9596,9381
2452,2020-11-29,9458,9511,9558,9241
2453,2020-11-30,9399,9458,9481,9277
2454,2020-12-01,9280,9399,9428,9237
2455,2020-12-02,9354,9279,9392,9179
2456,2020-12-03,9290,9354,9413,9279
2457,2020-12-04,9681,9289,9776,9273
2458,2020-12-05,9610,9681,9721,9577
2459,2020-12-06,9312,9610,9679,9207
2460,2020-12-07,9253,9311,9334,9003
2461,2020-12-08,9172,9253,9293,9047
2462,2020-12-09,9023,9172,9193,8844
2463,2020-12-10,9102,9023,9191,8950
2464,2020-12-11,9189,9102,9234,9033
2465,2020-12-12,9149,9189,9202,9068
2466,2020-12-13,9237,9142,9301,9097
2467,2020-12-14,9098,9241,9268,8958
2468,2020-12-15,9095,9098,9133,9066
2469,2020-12-16,9125,9068,9191,9052
2470,2020-12-17,9056,9142,9150,8920
2471,2020-12-18,9279,9079,9357,9064
2472,2020-12-19,9245,9345,9375,9217
2473,2020-12-20,9472,9263,9473,9240
2474,2020-12-21,9237,9445,9450,9174
2475,2020-12-22,9244,9240,9261,9134
2476,2020-12-23,9230,9290,9305,9191
2477,2020-12-24,9287,9244,9350,9171
2478,2020-12-25,9239,9311,9340,9207
2479,2020-12-26,9261,9242,9280,9126
2480,2020-12-27,9212,9262,9276,9168
2481,2020-12-28,9134,9193,9220,9049
2482,2020-12-29,9161,9133,9187,9086
2483,2020-12-30,9177,9160,9213,9131
2484,2020-12-31,9191,9183,9198,9118
2485,2021-01-01,9173,9214,9224,9153
2486,2021-01-02,9396,9167,9446,9160
2487,2021-01-03,9531,9400,9552,9314
2488,2021-01-04,9618,9535,9682,9453
2489,2021-01-05,9569,9618,9647,9480
2490,2021-01-06,9709,9558,9747,9547
2491,2021-01-07,9939,9715,10136,9671
2492,2021-01-08,11188,9941,11395,9931
2493,2021-01-09,10940,11041,11255,10581
2494,2021-01-10,11285,10931,11319,10853
2495,2021-01-11,11119,11119,11181,10848
2496,2021-01-12,11374,11113,11468,10981
2497,2021-01-13,11767,11353,11881,11242
2498,2021-01-14,11140,11821,12118,10659
2499,2021-01-15,11262,11072,11481,10957
2500,2021-01-16,11229,11238,11401,11046
2501,2021-01-17,11654,11197,11792,11108
2502,2021-01-18,11797,11757,11918,11582
2503,2021-01-19,11640,11781,11918,11348
2504,2021-01-20,11745,11611,11815,11544
2505,2021-01-21,11674,11771,11803,11537
2506,2021-01-22,11833,11694,12071,11547
2507,2021-01-23,11341,11904,11942,11138
2508,2021-01-24,11550,11400,11627,11167
2509,2021-01-25,11753,11572,11796,11288
2510,2021-01-26,11784,11790,11868,11664
2511,2021-01-27,11896,11783,11988,11715
2512,2021-01-28,11897,11863,11939,11706
2513,2021-01-29,12400,11917,12477,11779
2514,2021-01-30,12072,12300,12392,11841
2515,2021-01-31,11750,11960,12030,11590
2516,2021-02-01,11834,11767,11900,11691
2517,2021-02-02,11584,11867,11891,11526
2518,2021-02-03,11675,11540,11695,11394
2519,2021-02-04,11667,11678,11727,11540
2520,2021-02-05,11745,11661,11836,11602
2521,2021-02-06,11379,11760,11772,11134
2522,2021-02-07,11459,11335,11547,11266
2523,2021-02-08,11303,11468,11595,11158
2524,2021-02-09,11483,11340,11554,11295
2525,2021-02-10,11516,11541,11587,11436
2526,2021-02-11,11658,11484,11695,11477
2527,2021-02-12,11679,11713,11800,11580
2528,2021-02-13,11965,11662,12071,11545
2529,2021-02-14,11428,11924,11955,11218
2530,2021-02-15,10713,11410,11471,10506
2531,2021-02-16,10564,10178,10645,10119
2532,2021-02-17,10043,10471,10575,9895
2533,2021-02-18,10208,10175,10356,10015
2534,2021-02-19,10382,10266,10384,9892
2535,2021-02-20,10044,10382,10445,9869
2536,2021-02-21,10269,10137,10353,9990
2537,2021-02-22,10342,10231,10484,10225
2538,2021-02-23,10381,10348,10404,10215
2539,2021-02-24,10437,10401,10485,10287
2540,2021-02-25,10314,10451,10586,10227
2541,2021-02-26,10681,10338,10760,10282
2542,2021-02-27,10830,10684,10945,10637
2543,2021-02-28,11034,10793,11104,10684
2544,2021-03-01,10938,10967,11062,10763
2545,2021-03-02,10934,10948,11036,10831
2546,2021-03-03,11049,10941,11181,10905
2547,2021-03-04,10853,11086,11086,10774
2548,2021-03-05,10527,10926,10992,10323
2549,2021-03-06,10532,10424,10580,10372
2550,2021-03-07,10261,10537,10542,10210
2551,2021-03-08,10673,10242,10713,10201
2552,2021-03-09,10730,10737,10760,10570
2553,2021-03-10,10742,10693,10778,10658
2554,2021-03-11,10753,10735,10803,10600
2555,2021-03-12,10864,10777,10949,10777
2556,2021-03-13,10765,10692,10794,10641
2557,2021-03-14,10742,10844,10850,10673
2558,2021-03-15,10627,10779,10932,10471
2559,2021-03-16,10568,10625,10671,10387
2560,2021-03-17,10556,10579,10610,10513
2561,2021-03-18,10661,10560,10703,10536
2562,2021-03-19,10757,10673,10771,10631
2563,2021-03-20,10590,10794,10799,10544
2564,2021-03-21,10646,10601,10681,10555
2565,2021-03-22,10898,10670,10950,10545
2566,2021-03-23,11053,10930,11107,10844
2567,2021-03-24,11361,11060,11485,11059
2568,2021-03-25,11335,11294,11437,11283
2569,2021-03-26,11667,11373,11724,11211
2570,2021-03-27,11444,11535,11565,11334
2571,2021-03-28,11396,11432,11541,11303
2572,2021-03-29,11505,11434,11611,11292
2573,2021-03-30,11356,11512,11545,11228
2574,2021-03-31,11359,11330,11411,11283
2575,2021-04-01,11472,11369,11487,11357
2576,2021-04-02,11777,11515,11826,11420
2577,2021-04-03,11937,11755,11994,11694
2578,2021-04-04,13103,11921,13110,11901
2579,2021-04-05,13141,12802,13193,12698
2580,2021-04-06,12934,12981,13030,12732
2581,2021-04-07,13082,12930,13169,12878
2582,2021-04-08,13009,13116,13343,12907
2583,2021-04-09,13034,13039,13244,12812
2584,2021-04-10,13722,13070,13757,13063
2585,2021-04-11,13283,13648,13848,12895
2586,2021-04-12,13468,13281,13641,12995
2587,2021-04-13,13574,13462,13668,13135
2588,2021-04-14,13892,13575,14094,13439
2589,2021-04-15,13731,13811,13908,13642
2590,2021-04-16,13634,13769,13838,13271
2591,2021-04-17,13833,13566,13843,13302
2592,2021-04-18,14164,14015,14258,13583
2593,2021-04-19,15425,14157,15495,14105
2594,2021-04-20,15541,15608,15972,15203
2595,2021-04-21,14784,15604,15765,14331
2596,2021-04-22,15501,14821,15658,14712
2597,2021-04-23,15284,15482,15811,14846
2598,2021-04-24,15375,15328,15449,15093
2599,2021-04-25,15821,15317,15974,15295
2600,2021-04-26,16254,15702,16349,15475
2601,2021-04-27,16348,16303,16488,15972
2602,2021-04-28,15992,16330,16334,15719
2603,2021-04-29,15919,16079,16168,15793
2604,2021-04-30,16753,15970,16886,15882
2605,2021-05-01,17594,16719,17832,16561
2606,2021-05-02,17835,17673,18359,17284
2607,2021-05-03,17955,17787,18171,17382
2608,2021-05-04,18613,17824,18814,17763
2609,2021-05-05,18592,18667,18965,18369
2610,2021-05-06,18630,18684,18733,17807
2611,2021-05-07,18470,18406,18753,17991
2612,2021-05-08,19046,18371,19393,18060
2613,2021-05-09,18747,19137,19392,18641
2614,2021-05-10,17188,18720,18909,16243
2615,2021-05-11,17024,17181,17483,16490
2616,2021-05-12,17815,17160,17902,16907
2617,2021-05-13,18115,17743,18357,17546
2618,2021-05-14,19383,18202,19851,18202
2619,2021-05-15,18981,19678,19921,18172
2620,2021-05-16,19185,18797,19358,18361
2621,2021-05-17,19465,19221,19608,18900
2622,2021-05-18,18814,19442,19540,18718
2623,2021-05-19,19046,18669,19201,18519
2624,2021-05-20,19114,19163,19348,18928
2625,2021-05-21,19108,19374,19434,18932
2626,2021-05-22,18683,19178,19300,18631
2627,2021-05-23,18544,18321,18619,17641
2628,2021-05-24,18360,18558,18566,17905
2629,2021-05-25,18138,18256,18294,17594
2630,2021-05-26,18883,18041,18957,18030
2631,2021-05-27,19061,18823,19409,18727
2632,2021-05-28,19252,19162,19324,19016
2633,2021-05-29,19444,19265,19553,19054
2634,2021-05-30,21311,19434,21448,19294
2635,2021-05-31,22896,21352,23771,21249
2636,2021-06-01,23009,22820,23262,22358
2637,2021-06-02,23891,23127,24123,22782
2638,2021-06-03,23538,23830,24274,23086
2639,2021-06-04,23178,23477,24082,21961
2640,2021-06-05,23434,22730,23630,22385
2641,2021-06-06,23225,23792,24087,22645
2642,2021-06-07,23624,23229,23738,22717
2643,2021-06-08,24582,23727,24628,23423
2644,2021-06-09,26382,24709,26751,24498
2645,2021-06-10,26390,26448,28353,25760
2646,2021-06-11,26719,26227,27448,26047
2647,2021-06-12,26976,27039,27170,25876
2648,2021-06-13,28769,27350,28929,27350
2649,2021-06-14,29112,28873,29281,27917
2650,2021-06-15,29334,28936,29602,28754
2651,2021-06-16,32155,29354,33065,29013
2652,2021-06-17,33003,32075,34453,31886
2653,2021-06-18,31432,32789,33359,28155
2654,2021-06-19,34434,31992,34436,29949
2655,2021-06-20,36276,34002,36462,33352
2656,2021-06-21,39714,36807,40325,36357
2657,2021-06-22,40520,39421,41963,36742
2658,2021-06-23,40259,40559,41376,38767
2659,2021-06-24,38710,40097,41187,34898
2660,2021-06-25,34410,38133,38205,30306
2661,2021-06-26,34215,35433,36567,32539
2662,2021-06-27,37018,34071,37799,32471
2663,2021-06-28,38436,37374,40067,36771
2664,2021-06-29,36752,39128,39674,34426
2665,2021-06-30,36017,36753,37944,35399
2666,2021-07-01,36376,36017,36841,33871
2667,2021-07-02,36347,35848,37441,34817
2668,2021-07-03,36578,36640,37877,36137
2669,2021-07-04,35005,35910,36410,33431
2670,2021-07-05,30607,35492,35613,30078
2671,2021-07-06,33369,30845,33874,28846
2672,2021-07-07,32071,33001,33502,31452
2673,2021-07-08,32286,32108,33089,30988
2674,2021-07-09,32501,32298,34894,31950
2675,2021-07-10,32325,32271,32771,31063
2676,2021-07-11,30535,32498,32571,29453
2677,2021-07-12,33409,30427,33482,29922
2678,2021-07-13,34843,33425,38469,31985
2679,2021-07-14,34623,34266,34921,32946
2680,2021-07-15,33088,34305,34374,32230
2681,2021-07-16,33614,33139,34716,32342
2682,2021-07-17,35633,33526,36009,33438
2683,2021-07-18,37398,35520,37506,35417
2684,2021-07-19,37257,37646,38732,36208
2685,2021-07-20,37852,36971,38333,36638
2686,2021-07-21,40303,38306,41000,38234
2687,2021-07-22,38462,39254,39699,37389
2688,2021-07-23,44717,38854,44982,38037
2689,2021-07-24,46675,46434,48227,45059
2690,2021-07-25,45238,46513,47375,43887
2691,2021-07-26,47501,44860,48601,44071
2692,2021-07-27,47885,47993,48926,46551
2693,2021-07-28,47006,47406,48190,46334
2694,2021-07-29,49152,47232,49717,47106
2695,2021-07-30,48126,48655,49038,45927
2696,2021-07-31,48841,47945,50585,47089
2697,2021-08-01,52166,49187,52622,48991
2698,2021-08-02,51729,52147,52533,50972
2699,2021-08-03,55720,51599,56284,50822
2700,2021-08-04,54802,55918,57488,54040
2701,2021-08-05,57129,55914,58333,55532
2702,2021-08-06,54182,57454,57536,47781
2703,2021-08-07,48173,54125,54181,45048
2704,2021-08-08,48746,48924,51414,47033
2705,2021-08-09,48292,49747,52077,47502
2706,2021-08-10,45753,47136,48454,44280
2707,2021-08-11,46643,46327,48354,46208
2708,2021-08-12,45093,46205,46676,43120
2709,2021-08-13,49249,45235,49521,45045
2710,2021-08-14,47901,49637,50212,47201
2711,2021-08-15,50812,48527,52637,48196
2712,2021-08-16,48260,50434,51782,47579
2713,2021-08-17,49150,48405,49463,46394
2714,2021-08-18,48880,48792,49174,47128
2715,2021-08-19,50595,48888,51223,48888
2716,2021-08-20,51504,50949,51917,49391
2717,2021-08-21,54459,52361,54805,51866
2718,2021-08-22,56916,54925,57337,53102
2719,2021-08-23,57637,55899,58035,54324
2720,2021-08-24,57307,57818,58078,55117
2721,2021-08-25,60744,57228,61557,56125
2722,2021-08-26,60198,60973,61454,59276
2723,2021-08-27,56301,58963,60571,54791
2724,2021-08-28,56640,55669,56822,53351
2725,2021-08-29,58568,56909,58924,54202
2726,2021-08-30,57984,58884,60075,57076
2727,2021-08-31,58452,57662,59462,56328
2728,2021-09-01,58594,58128,59920,57915
2729,2021-09-02,57797,58140,58650,55646
2730,2021-09-03,54330,57390,58408,53796
2731,2021-09-04,54795,54144,55859,53032
2732,2021-09-05,52788,54376,57226,51778
2733,2021-09-06,52174,52336,53210,50459
2734,2021-09-07,54484,51345,54807,51287
2735,2021-09-08,56235,55068,56521,54023
2736,2021-09-09,55344,55844,56542,54742
2737,2021-09-10,57628,55787,58354,54930
2738,2021-09-11,58735,57614,59380,57070
2739,2021-09-12,58725,58811,59836,56935
2740,2021-09-13,58985,58765,59459,57974
2741,2021-09-14,58822,58727,60102,58479
2742,2021-09-15,57518,58959,59714,57186
2743,2021-09-16,58178,57135,58541,56553
2744,2021-09-17,58844,58231,59244,56847
2745,2021-09-18,58041,59134,59485,57422
2746,2021-09-19,56509,58031,58646,55542
2747,2021-09-20,57881,55997,58180,55759
2748,2021-09-21,58172,58095,58881,57718
2749,2021-09-22,59296,58150,61066,57925
2750,2021-09-23,59823,59766,60589,59230
2751,2021-09-24,59854,59999,61220,59429
2752,2021-09-25,63224,59842,63708,59800
2753,2021-09-26,62927,63563,64802,61401
2754,2021-09-27,63347,62988,63851,62095
2755,2021-09-28,61966,63226,63521,60034
2756,2021-09-29,60575,61445,62535,59803
2757,2021-09-30,56851,60192,60532,52149
2758,2021-10-01,56225,56336,57610,54450
2759,2021-10-02,56609,55724,57122,53443
2760,2021-10-03,54145,56509,56810,53914
2761,2021-10-04,51966,53831,55472,50501
2762,2021-10-05,50670,51715,52112,47468
2763,2021-10-06,50734,51218,51254,48933
2764,2021-10-07,48543,50178,50669,47106
2765,2021-10-08,53559,49140,54399,48855
2766,2021-10-09,55124,54060,55399,53352
2767,2021-10-10,54592,55087,56459,53916
2768,2021-10-11,53261,54894,55225,52404
2769,2021-10-12,57303,53599,57435,53098
2770,2021-10-13,57678,57742,58512,57063
2771,2021-10-14,56428,57825,57926,56124
2772,2021-10-15,57256,56640,59002,56509
2773,2021-10-16,53659,57219,57247,53614
2774,2021-10-17,57253,53271,57978,52988
2775,2021-10-18,56584,57460,58369,55331
2776,2021-10-19,57108,56440,58725,55321
2777,2021-10-20,58789,57420,59576,57029
2778,2021-10-21,58103,58967,59250,56495
2779,2021-10-22,55716,58309,59561,53775
2780,2021-10-23,56574,55900,56957,54572
2781,2021-10-24,52148,56768,58037,51626
2782,2021-10-25,49765,49597,51449,46295
2783,2021-10-26,50033,49718,51579,48945
2784,2021-10-27,47886,49927,50691,47006
2785,2021-10-28,45605,46806,49671,43869
2786,2021-10-29,43145,46440,46623,42103
